,Seed,Distance Metric,Method,Linkage Method,Cluster Color Percentage,Silhouette Score,Maximum Color Separation
40,10,Jaccard,Hierachical Clustering,single,"{1: {'green': '14.81%', 'red': '85.19%'}, 2: {'green': '94.05%', 'red': '5.95%'}}",0.671347905,79.24
41,10,Jaccard,Hierachical Clustering,complete,"{1: {'green': '14.81%', 'red': '85.19%'}, 2: {'green': '94.05%', 'red': '5.95%'}}",0.671347905,79.24
42,10,Jaccard,Hierachical Clustering,average,"{1: {'green': '14.81%', 'red': '85.19%'}, 2: {'green': '94.05%', 'red': '5.95%'}}",0.671347905,79.24
43,10,Jaccard,Hierachical Clustering,ward,"{1: {'green': '14.81%', 'red': '85.19%'}, 2: {'green': '94.05%', 'red': '5.95%'}}",0.671347905,79.24
80,20,Jaccard,Hierachical Clustering,single,"{1: {'green': '15.79%', 'red': '84.21%'}, 2: {'green': '93.75%', 'red': '6.25%'}}",0.66570344,77.96
81,20,Jaccard,Hierachical Clustering,complete,"{1: {'green': '15.79%', 'red': '84.21%'}, 2: {'green': '93.75%', 'red': '6.25%'}}",0.66570344,77.96
82,20,Jaccard,Hierachical Clustering,average,"{1: {'green': '15.79%', 'red': '84.21%'}, 2: {'green': '93.75%', 'red': '6.25%'}}",0.66570344,77.96
83,20,Jaccard,Hierachical Clustering,ward,"{1: {'green': '15.79%', 'red': '84.21%'}, 2: {'green': '93.75%', 'red': '6.25%'}}",0.66570344,77.96
28,7,Jaccard,Hierachical Clustering,single,"{1: {'green': '84.31%', 'red': '15.69%'}, 2: {'green': '9.23%', 'red': '90.77%'}}",0.658682864,75.08
29,7,Jaccard,Hierachical Clustering,complete,"{1: {'green': '84.31%', 'red': '15.69%'}, 2: {'green': '9.23%', 'red': '90.77%'}}",0.658682864,75.08
30,7,Jaccard,Hierachical Clustering,average,"{1: {'green': '84.31%', 'red': '15.69%'}, 2: {'green': '9.23%', 'red': '90.77%'}}",0.658682864,75.08
31,7,Jaccard,Hierachical Clustering,ward,"{1: {'green': '84.31%', 'red': '15.69%'}, 2: {'green': '9.23%', 'red': '90.77%'}}",0.658682864,75.08
128,32,Jaccard,Hierachical Clustering,single,"{1: {'green': '13.11%', 'red': '86.89%'}, 2: {'green': '89.66%', 'red': '10.34%'}}",0.648313011,76.55
129,32,Jaccard,Hierachical Clustering,complete,"{1: {'green': '13.11%', 'red': '86.89%'}, 2: {'green': '89.66%', 'red': '10.34%'}}",0.648313011,76.55
130,32,Jaccard,Hierachical Clustering,average,"{1: {'green': '13.11%', 'red': '86.89%'}, 2: {'green': '89.66%', 'red': '10.34%'}}",0.648313011,76.55
131,32,Jaccard,Hierachical Clustering,ward,"{1: {'green': '13.11%', 'red': '86.89%'}, 2: {'green': '89.66%', 'red': '10.34%'}}",0.648313011,76.55
124,31,Jaccard,Hierachical Clustering,single,"{1: {'green': '82.61%', 'red': '17.39%'}, 2: {'green': '4.69%', 'red': '95.31%'}}",0.628951968,77.92
126,31,Jaccard,Hierachical Clustering,average,"{1: {'green': '82.61%', 'red': '17.39%'}, 2: {'green': '4.69%', 'red': '95.31%'}}",0.628951968,77.92
127,31,Jaccard,Hierachical Clustering,ward,"{1: {'green': '82.61%', 'red': '17.39%'}, 2: {'green': '4.69%', 'red': '95.31%'}}",0.628951968,77.92
192,48,Jaccard,Hierachical Clustering,single,"{1: {'green': '80.0%', 'red': '20.0%'}, 2: {'green': '4.84%', 'red': '95.16%'}}",0.623290633,75.16
193,48,Jaccard,Hierachical Clustering,complete,"{1: {'green': '80.0%', 'red': '20.0%'}, 2: {'green': '4.84%', 'red': '95.16%'}}",0.623290633,75.16
194,48,Jaccard,Hierachical Clustering,average,"{1: {'green': '80.0%', 'red': '20.0%'}, 2: {'green': '4.84%', 'red': '95.16%'}}",0.623290633,75.16
195,48,Jaccard,Hierachical Clustering,ward,"{1: {'green': '80.0%', 'red': '20.0%'}, 2: {'green': '4.84%', 'red': '95.16%'}}",0.623290633,75.16
184,46,Jaccard,Hierachical Clustering,single,"{1: {'green': '0.0%', 'red': '100.0%'}, 2: {'green': '91.43%', 'red': '8.57%'}}",0.608085878,91.43
185,46,Jaccard,Hierachical Clustering,complete,"{1: {'green': '91.43%', 'red': '8.57%'}, 2: {'green': '0.0%', 'red': '100.0%'}}",0.608085878,91.43
186,46,Jaccard,Hierachical Clustering,average,"{1: {'green': '91.43%', 'red': '8.57%'}, 2: {'green': '0.0%', 'red': '100.0%'}}",0.608085878,91.43
187,46,Jaccard,Hierachical Clustering,ward,"{1: {'green': '91.43%', 'red': '8.57%'}, 2: {'green': '0.0%', 'red': '100.0%'}}",0.608085878,91.43
20,5,Jaccard,Hierachical Clustering,single,"{1: {'green': '90.16%', 'red': '9.84%'}, 2: {'green': '12.5%', 'red': '87.5%'}}",0.590371773,77.66
22,5,Jaccard,Hierachical Clustering,average,"{1: {'green': '90.16%', 'red': '9.84%'}, 2: {'green': '12.5%', 'red': '87.5%'}}",0.590371773,77.66
23,5,Jaccard,Hierachical Clustering,ward,"{1: {'green': '90.16%', 'red': '9.84%'}, 2: {'green': '12.5%', 'red': '87.5%'}}",0.590371773,77.66
120,30,Jaccard,Hierachical Clustering,single,"{1: {'green': '16.67%', 'red': '83.33%'}, 2: {'green': '96.77%', 'red': '3.23%'}}",0.589216478,80.1
122,30,Jaccard,Hierachical Clustering,average,"{1: {'green': '16.67%', 'red': '83.33%'}, 2: {'green': '96.77%', 'red': '3.23%'}}",0.589216478,80.1
123,30,Jaccard,Hierachical Clustering,ward,"{1: {'green': '16.67%', 'red': '83.33%'}, 2: {'green': '96.77%', 'red': '3.23%'}}",0.589216478,80.1
16,4,Jaccard,Hierachical Clustering,single,"{1: {'green': '17.54%', 'red': '82.46%'}, 2: {'green': '92.86%', 'red': '7.14%'}}",0.586901463,75.32
18,4,Jaccard,Hierachical Clustering,average,"{1: {'green': '17.54%', 'red': '82.46%'}, 2: {'green': '92.86%', 'red': '7.14%'}}",0.586901463,75.32
19,4,Jaccard,Hierachical Clustering,ward,"{1: {'green': '17.54%', 'red': '82.46%'}, 2: {'green': '92.86%', 'red': '7.14%'}}",0.586901463,75.32
72,18,Jaccard,Hierachical Clustering,single,"{1: {'green': '9.68%', 'red': '90.32%'}, 2: {'green': '91.11%', 'red': '8.89%'}}",0.584030196,81.43
73,18,Jaccard,Hierachical Clustering,complete,"{1: {'green': '91.11%', 'red': '8.89%'}, 2: {'green': '9.68%', 'red': '90.32%'}}",0.584030196,81.43
74,18,Jaccard,Hierachical Clustering,average,"{1: {'green': '9.68%', 'red': '90.32%'}, 2: {'green': '91.11%', 'red': '8.89%'}}",0.584030196,81.43
75,18,Jaccard,Hierachical Clustering,ward,"{1: {'green': '91.11%', 'red': '8.89%'}, 2: {'green': '9.68%', 'red': '90.32%'}}",0.584030196,81.43
96,24,Jaccard,Hierachical Clustering,single,"{1: {'green': '87.1%', 'red': '12.9%'}, 2: {'green': '8.16%', 'red': '91.84%'}}",0.583719176,78.94
97,24,Jaccard,Hierachical Clustering,complete,"{1: {'green': '87.1%', 'red': '12.9%'}, 2: {'green': '8.16%', 'red': '91.84%'}}",0.583719176,78.94
98,24,Jaccard,Hierachical Clustering,average,"{1: {'green': '87.1%', 'red': '12.9%'}, 2: {'green': '8.16%', 'red': '91.84%'}}",0.583719176,78.94
99,24,Jaccard,Hierachical Clustering,ward,"{1: {'green': '87.1%', 'red': '12.9%'}, 2: {'green': '8.16%', 'red': '91.84%'}}",0.583719176,78.94
76,19,Jaccard,Hierachical Clustering,single,"{1: {'green': '85.71%', 'red': '14.29%'}, 2: {'green': '2.67%', 'red': '97.33%'}}",0.57690679,83.04
78,19,Jaccard,Hierachical Clustering,average,"{1: {'green': '85.71%', 'red': '14.29%'}, 2: {'green': '2.67%', 'red': '97.33%'}}",0.57690679,83.04
79,19,Jaccard,Hierachical Clustering,ward,"{1: {'green': '85.71%', 'red': '14.29%'}, 2: {'green': '2.67%', 'red': '97.33%'}}",0.57690679,83.04
24,6,Jaccard,Hierachical Clustering,single,"{1: {'green': '87.04%', 'red': '12.96%'}, 2: {'green': '6.25%', 'red': '93.75%'}}",0.576078588,80.79
26,6,Jaccard,Hierachical Clustering,average,"{1: {'green': '87.04%', 'red': '12.96%'}, 2: {'green': '6.25%', 'red': '93.75%'}}",0.576078588,80.79
27,6,Jaccard,Hierachical Clustering,ward,"{1: {'green': '87.04%', 'red': '12.96%'}, 2: {'green': '6.25%', 'red': '93.75%'}}",0.576078588,80.79
52,13,Jaccard,Hierachical Clustering,single,"{1: {'green': '6.25%', 'red': '93.75%'}, 2: {'green': '80.77%', 'red': '19.23%'}}",0.574146129,74.52
53,13,Jaccard,Hierachical Clustering,complete,"{1: {'green': '80.77%', 'red': '19.23%'}, 2: {'green': '6.25%', 'red': '93.75%'}}",0.574146129,74.52
54,13,Jaccard,Hierachical Clustering,average,"{1: {'green': '6.25%', 'red': '93.75%'}, 2: {'green': '80.77%', 'red': '19.23%'}}",0.574146129,74.52
55,13,Jaccard,Hierachical Clustering,ward,"{1: {'green': '80.77%', 'red': '19.23%'}, 2: {'green': '6.25%', 'red': '93.75%'}}",0.574146129,74.52
56,14,Jaccard,Hierachical Clustering,single,"{1: {'green': '17.5%', 'red': '82.5%'}, 2: {'green': '90.24%', 'red': '9.76%'}}",0.573092924,72.74
57,14,Jaccard,Hierachical Clustering,complete,"{1: {'green': '17.5%', 'red': '82.5%'}, 2: {'green': '90.24%', 'red': '9.76%'}}",0.573092924,72.74
58,14,Jaccard,Hierachical Clustering,average,"{1: {'green': '17.5%', 'red': '82.5%'}, 2: {'green': '90.24%', 'red': '9.76%'}}",0.573092924,72.74
59,14,Jaccard,Hierachical Clustering,ward,"{1: {'green': '17.5%', 'red': '82.5%'}, 2: {'green': '90.24%', 'red': '9.76%'}}",0.573092924,72.74
88,22,Jaccard,Hierachical Clustering,single,"{1: {'green': '10.26%', 'red': '89.74%'}, 2: {'green': '89.36%', 'red': '10.64%'}}",0.569827917,79.1
90,22,Jaccard,Hierachical Clustering,average,"{1: {'green': '89.36%', 'red': '10.64%'}, 2: {'green': '10.26%', 'red': '89.74%'}}",0.569827917,79.1
91,22,Jaccard,Hierachical Clustering,ward,"{1: {'green': '89.36%', 'red': '10.64%'}, 2: {'green': '10.26%', 'red': '89.74%'}}",0.569827917,79.1
100,25,Jaccard,Hierachical Clustering,single,"{1: {'green': '87.88%', 'red': '12.12%'}, 2: {'green': '13.11%', 'red': '86.89%'}}",0.564986023,74.77
102,25,Jaccard,Hierachical Clustering,average,"{1: {'green': '87.88%', 'red': '12.12%'}, 2: {'green': '13.11%', 'red': '86.89%'}}",0.564986023,74.77
103,25,Jaccard,Hierachical Clustering,ward,"{1: {'green': '87.88%', 'red': '12.12%'}, 2: {'green': '13.11%', 'red': '86.89%'}}",0.564986023,74.77
8,2,Jaccard,Hierachical Clustering,single,"{1: {'green': '25.0%', 'red': '75.0%'}, 2: {'green': '100.0%', 'red': '0.0%'}}",0.558114165,75
9,2,Jaccard,Hierachical Clustering,complete,"{1: {'green': '25.0%', 'red': '75.0%'}, 2: {'green': '100.0%', 'red': '0.0%'}}",0.558114165,75
10,2,Jaccard,Hierachical Clustering,average,"{1: {'green': '25.0%', 'red': '75.0%'}, 2: {'green': '100.0%', 'red': '0.0%'}}",0.558114165,75
11,2,Jaccard,Hierachical Clustering,ward,"{1: {'green': '25.0%', 'red': '75.0%'}, 2: {'green': '100.0%', 'red': '0.0%'}}",0.558114165,75
84,21,Jaccard,Hierachical Clustering,single,"{1: {'green': '93.1%', 'red': '6.9%'}, 2: {'green': '18.06%', 'red': '81.94%'}}",0.55745994,75.04
85,21,Jaccard,Hierachical Clustering,complete,"{1: {'green': '93.1%', 'red': '6.9%'}, 2: {'green': '18.06%', 'red': '81.94%'}}",0.55745994,75.04
86,21,Jaccard,Hierachical Clustering,average,"{1: {'green': '93.1%', 'red': '6.9%'}, 2: {'green': '18.06%', 'red': '81.94%'}}",0.55745994,75.04
87,21,Jaccard,Hierachical Clustering,ward,"{1: {'green': '93.1%', 'red': '6.9%'}, 2: {'green': '18.06%', 'red': '81.94%'}}",0.55745994,75.04
36,9,Jaccard,Hierachical Clustering,single,"{1: {'green': '15.87%', 'red': '84.13%'}, 2: {'green': '96.15%', 'red': '3.85%'}}",0.556819224,80.28
37,9,Jaccard,Hierachical Clustering,complete,"{1: {'green': '15.87%', 'red': '84.13%'}, 2: {'green': '96.15%', 'red': '3.85%'}}",0.556819224,80.28
38,9,Jaccard,Hierachical Clustering,average,"{1: {'green': '15.87%', 'red': '84.13%'}, 2: {'green': '96.15%', 'red': '3.85%'}}",0.556819224,80.28
39,9,Jaccard,Hierachical Clustering,ward,"{1: {'green': '15.87%', 'red': '84.13%'}, 2: {'green': '96.15%', 'red': '3.85%'}}",0.556819224,80.28
0,0,Jaccard,Hierachical Clustering,single,"{1: {'green': '17.31%', 'red': '82.69%'}, 2: {'green': '92.59%', 'red': '7.41%'}}",0.556098725,75.28
1,0,Jaccard,Hierachical Clustering,complete,"{1: {'green': '17.31%', 'red': '82.69%'}, 2: {'green': '92.59%', 'red': '7.41%'}}",0.556098725,75.28
2,0,Jaccard,Hierachical Clustering,average,"{1: {'green': '17.31%', 'red': '82.69%'}, 2: {'green': '92.59%', 'red': '7.41%'}}",0.556098725,75.28
3,0,Jaccard,Hierachical Clustering,ward,"{1: {'green': '17.31%', 'red': '82.69%'}, 2: {'green': '92.59%', 'red': '7.41%'}}",0.556098725,75.28
144,36,Jaccard,Hierachical Clustering,single,"{1: {'green': '93.02%', 'red': '6.98%'}, 2: {'green': '10.87%', 'red': '89.13%'}}",0.555341989,82.15
145,36,Jaccard,Hierachical Clustering,complete,"{1: {'green': '10.87%', 'red': '89.13%'}, 2: {'green': '93.02%', 'red': '6.98%'}}",0.555341989,82.15
146,36,Jaccard,Hierachical Clustering,average,"{1: {'green': '10.87%', 'red': '89.13%'}, 2: {'green': '93.02%', 'red': '6.98%'}}",0.555341989,82.15
147,36,Jaccard,Hierachical Clustering,ward,"{1: {'green': '10.87%', 'red': '89.13%'}, 2: {'green': '93.02%', 'red': '6.98%'}}",0.555341989,82.15
60,15,Jaccard,Hierachical Clustering,single,"{1: {'green': '18.42%', 'red': '81.58%'}, 2: {'green': '92.11%', 'red': '7.89%'}}",0.546137885,73.69
61,15,Jaccard,Hierachical Clustering,complete,"{1: {'green': '18.42%', 'red': '81.58%'}, 2: {'green': '92.11%', 'red': '7.89%'}}",0.546137885,73.69
62,15,Jaccard,Hierachical Clustering,average,"{1: {'green': '18.42%', 'red': '81.58%'}, 2: {'green': '92.11%', 'red': '7.89%'}}",0.546137885,73.69
63,15,Jaccard,Hierachical Clustering,ward,"{1: {'green': '18.42%', 'red': '81.58%'}, 2: {'green': '92.11%', 'red': '7.89%'}}",0.546137885,73.69
160,40,Jaccard,Hierachical Clustering,single,"{1: {'green': '21.43%', 'red': '78.57%'}, 2: {'green': '94.12%', 'red': '5.88%'}}",0.540819763,72.69
162,40,Jaccard,Hierachical Clustering,average,"{1: {'green': '21.43%', 'red': '78.57%'}, 2: {'green': '94.12%', 'red': '5.88%'}}",0.540819763,72.69
163,40,Jaccard,Hierachical Clustering,ward,"{1: {'green': '21.43%', 'red': '78.57%'}, 2: {'green': '94.12%', 'red': '5.88%'}}",0.540819763,72.69
148,37,Jaccard,Hierachical Clustering,single,"{1: {'green': '19.51%', 'red': '80.49%'}, 2: {'green': '90.7%', 'red': '9.3%'}}",0.539305723,71.19
150,37,Jaccard,Hierachical Clustering,average,"{1: {'green': '19.51%', 'red': '80.49%'}, 2: {'green': '90.7%', 'red': '9.3%'}}",0.539305723,71.19
151,37,Jaccard,Hierachical Clustering,ward,"{1: {'green': '19.51%', 'red': '80.49%'}, 2: {'green': '90.7%', 'red': '9.3%'}}",0.539305723,71.19
140,35,Jaccard,Hierachical Clustering,single,"{1: {'green': '96.97%', 'red': '3.03%'}, 2: {'green': '16.22%', 'red': '83.78%'}}",0.53660023,80.75
141,35,Jaccard,Hierachical Clustering,complete,"{1: {'green': '16.22%', 'red': '83.78%'}, 2: {'green': '96.97%', 'red': '3.03%'}}",0.53660023,80.75
142,35,Jaccard,Hierachical Clustering,average,"{1: {'green': '96.97%', 'red': '3.03%'}, 2: {'green': '16.22%', 'red': '83.78%'}}",0.53660023,80.75
143,35,Jaccard,Hierachical Clustering,ward,"{1: {'green': '96.97%', 'red': '3.03%'}, 2: {'green': '16.22%', 'red': '83.78%'}}",0.53660023,80.75
68,17,Jaccard,Hierachical Clustering,single,"{1: {'green': '90.0%', 'red': '10.0%'}, 2: {'green': '10.81%', 'red': '89.19%'}}",0.531423398,79.19
70,17,Jaccard,Hierachical Clustering,average,"{1: {'green': '10.81%', 'red': '89.19%'}, 2: {'green': '90.0%', 'red': '10.0%'}}",0.531423398,79.19
71,17,Jaccard,Hierachical Clustering,ward,"{1: {'green': '90.0%', 'red': '10.0%'}, 2: {'green': '10.81%', 'red': '89.19%'}}",0.531423398,79.19
152,38,Jaccard,Hierachical Clustering,single,"{1: {'green': '21.95%', 'red': '78.05%'}, 2: {'green': '97.56%', 'red': '2.44%'}}",0.52985417,75.61
154,38,Jaccard,Hierachical Clustering,average,"{1: {'green': '21.95%', 'red': '78.05%'}, 2: {'green': '97.56%', 'red': '2.44%'}}",0.52985417,75.61
155,38,Jaccard,Hierachical Clustering,ward,"{1: {'green': '21.95%', 'red': '78.05%'}, 2: {'green': '97.56%', 'red': '2.44%'}}",0.52985417,75.61
12,3,Jaccard,Hierachical Clustering,single,"{1: {'green': '8.82%', 'red': '91.18%'}, 2: {'green': '93.94%', 'red': '6.06%'}}",0.529627134,85.12
13,3,Jaccard,Hierachical Clustering,complete,"{1: {'green': '93.94%', 'red': '6.06%'}, 2: {'green': '8.82%', 'red': '91.18%'}}",0.529627134,85.12
14,3,Jaccard,Hierachical Clustering,average,"{1: {'green': '93.94%', 'red': '6.06%'}, 2: {'green': '8.82%', 'red': '91.18%'}}",0.529627134,85.12
15,3,Jaccard,Hierachical Clustering,ward,"{1: {'green': '8.82%', 'red': '91.18%'}, 2: {'green': '93.94%', 'red': '6.06%'}}",0.529627134,85.12
92,23,Jaccard,Hierachical Clustering,single,"{1: {'green': '14.58%', 'red': '85.42%'}, 2: {'green': '95.65%', 'red': '4.35%'}}",0.521065572,81.07
93,23,Jaccard,Hierachical Clustering,complete,"{1: {'green': '14.58%', 'red': '85.42%'}, 2: {'green': '95.65%', 'red': '4.35%'}}",0.521065572,81.07
94,23,Jaccard,Hierachical Clustering,average,"{1: {'green': '95.65%', 'red': '4.35%'}, 2: {'green': '14.58%', 'red': '85.42%'}}",0.521065572,81.07
95,23,Jaccard,Hierachical Clustering,ward,"{1: {'green': '14.58%', 'red': '85.42%'}, 2: {'green': '95.65%', 'red': '4.35%'}}",0.521065572,81.07
180,45,Jaccard,Hierachical Clustering,single,"{1: {'green': '87.5%', 'red': '12.5%'}, 2: {'green': '8.7%', 'red': '91.3%'}}",0.519068733,78.8
182,45,Jaccard,Hierachical Clustering,average,"{1: {'green': '87.5%', 'red': '12.5%'}, 2: {'green': '8.7%', 'red': '91.3%'}}",0.519068733,78.8
183,45,Jaccard,Hierachical Clustering,ward,"{1: {'green': '87.5%', 'red': '12.5%'}, 2: {'green': '8.7%', 'red': '91.3%'}}",0.519068733,78.8
164,41,Jaccard,Hierachical Clustering,single,"{1: {'green': '14.29%', 'red': '85.71%'}, 2: {'green': '95.45%', 'red': '4.55%'}}",0.517927964,81.16
166,41,Jaccard,Hierachical Clustering,average,"{1: {'green': '14.29%', 'red': '85.71%'}, 2: {'green': '95.45%', 'red': '4.55%'}}",0.517927964,81.16
167,41,Jaccard,Hierachical Clustering,ward,"{1: {'green': '14.29%', 'red': '85.71%'}, 2: {'green': '95.45%', 'red': '4.55%'}}",0.517927964,81.16
176,44,Jaccard,Hierachical Clustering,single,"{1: {'green': '88.89%', 'red': '11.11%'}, 2: {'green': '7.69%', 'red': '92.31%'}}",0.513729741,81.2
178,44,Jaccard,Hierachical Clustering,average,"{1: {'green': '88.89%', 'red': '11.11%'}, 2: {'green': '7.69%', 'red': '92.31%'}}",0.513729741,81.2
179,44,Jaccard,Hierachical Clustering,ward,"{1: {'green': '7.69%', 'red': '92.31%'}, 2: {'green': '88.89%', 'red': '11.11%'}}",0.513729741,81.2
48,12,Jaccard,Hierachical Clustering,single,"{1: {'green': '20.0%', 'red': '80.0%'}, 2: {'green': '98.53%', 'red': '1.47%'}}",0.512165222,78.53
50,12,Jaccard,Hierachical Clustering,average,"{1: {'green': '20.0%', 'red': '80.0%'}, 2: {'green': '98.53%', 'red': '1.47%'}}",0.512165222,78.53
51,12,Jaccard,Hierachical Clustering,ward,"{1: {'green': '20.0%', 'red': '80.0%'}, 2: {'green': '98.53%', 'red': '1.47%'}}",0.512165222,78.53
156,39,Jaccard,Hierachical Clustering,single,"{1: {'green': '94.59%', 'red': '5.41%'}, 2: {'green': '10.91%', 'red': '89.09%'}}",0.509405697,83.68
158,39,Jaccard,Hierachical Clustering,average,"{1: {'green': '94.59%', 'red': '5.41%'}, 2: {'green': '10.91%', 'red': '89.09%'}}",0.509405697,83.68
159,39,Jaccard,Hierachical Clustering,ward,"{1: {'green': '94.59%', 'red': '5.41%'}, 2: {'green': '10.91%', 'red': '89.09%'}}",0.509405697,83.68
44,11,Jaccard,Hierachical Clustering,single,"{1: {'green': '0.0%', 'red': '100.0%'}, 2: {'green': '84.09%', 'red': '15.91%'}}",0.507367536,84.09
46,11,Jaccard,Hierachical Clustering,average,"{1: {'green': '84.09%', 'red': '15.91%'}, 2: {'green': '0.0%', 'red': '100.0%'}}",0.507367536,84.09
47,11,Jaccard,Hierachical Clustering,ward,"{1: {'green': '84.09%', 'red': '15.91%'}, 2: {'green': '0.0%', 'red': '100.0%'}}",0.507367536,84.09
168,42,Jaccard,Hierachical Clustering,single,"{1: {'green': '84.38%', 'red': '15.62%'}, 2: {'green': '8.0%', 'red': '92.0%'}}",0.507183425,76.38
170,42,Jaccard,Hierachical Clustering,average,"{1: {'green': '84.38%', 'red': '15.62%'}, 2: {'green': '8.0%', 'red': '92.0%'}}",0.507183425,76.38
171,42,Jaccard,Hierachical Clustering,ward,"{1: {'green': '84.38%', 'red': '15.62%'}, 2: {'green': '8.0%', 'red': '92.0%'}}",0.507183425,76.38
32,8,Jaccard,Hierachical Clustering,single,"{1: {'green': '4.44%', 'red': '95.56%'}, 2: {'green': '85.71%', 'red': '14.29%'}}",0.483841927,81.27
34,8,Jaccard,Hierachical Clustering,average,"{1: {'green': '85.71%', 'red': '14.29%'}, 2: {'green': '4.44%', 'red': '95.56%'}}",0.483841927,81.27
35,8,Jaccard,Hierachical Clustering,ward,"{1: {'green': '85.71%', 'red': '14.29%'}, 2: {'green': '4.44%', 'red': '95.56%'}}",0.483841927,81.27
136,34,Jaccard,Hierachical Clustering,single,"{1: {'green': '3.23%', 'red': '96.77%'}, 2: {'green': '89.47%', 'red': '10.53%'}}",0.482496395,86.24
137,34,Jaccard,Hierachical Clustering,complete,"{1: {'green': '89.47%', 'red': '10.53%'}, 2: {'green': '3.23%', 'red': '96.77%'}}",0.482496395,86.24
138,34,Jaccard,Hierachical Clustering,average,"{1: {'green': '89.47%', 'red': '10.53%'}, 2: {'green': '3.23%', 'red': '96.77%'}}",0.482496395,86.24
139,34,Jaccard,Hierachical Clustering,ward,"{1: {'green': '89.47%', 'red': '10.53%'}, 2: {'green': '3.23%', 'red': '96.77%'}}",0.482496395,86.24
116,29,Jaccard,Hierachical Clustering,single,"{1: {'green': '77.14%', 'red': '22.86%'}, 2: {'green': '1.59%', 'red': '98.41%'}}",0.482405893,75.55
118,29,Jaccard,Hierachical Clustering,average,"{1: {'green': '77.14%', 'red': '22.86%'}, 2: {'green': '1.59%', 'red': '98.41%'}}",0.482405893,75.55
119,29,Jaccard,Hierachical Clustering,ward,"{1: {'green': '77.14%', 'red': '22.86%'}, 2: {'green': '1.59%', 'red': '98.41%'}}",0.482405893,75.55
132,33,Jaccard,Hierachical Clustering,single,"{1: {'green': '31.71%', 'red': '68.29%'}, 2: {'green': '100.0%', 'red': '0.0%'}}",0.47343813,68.29
134,33,Jaccard,Hierachical Clustering,average,"{1: {'green': '31.71%', 'red': '68.29%'}, 2: {'green': '100.0%', 'red': '0.0%'}}",0.47343813,68.29
135,33,Jaccard,Hierachical Clustering,ward,"{1: {'green': '31.71%', 'red': '68.29%'}, 2: {'green': '100.0%', 'red': '0.0%'}}",0.47343813,68.29
108,27,Jaccard,Hierachical Clustering,single,"{1: {'green': '33.33%', 'red': '66.67%'}, 2: {'green': '100.0%', 'red': '0.0%'}}",0.462334399,66.67
110,27,Jaccard,Hierachical Clustering,average,"{1: {'green': '33.33%', 'red': '66.67%'}, 2: {'green': '100.0%', 'red': '0.0%'}}",0.462334399,66.67
111,27,Jaccard,Hierachical Clustering,ward,"{1: {'green': '33.33%', 'red': '66.67%'}, 2: {'green': '100.0%', 'red': '0.0%'}}",0.462334399,66.67
172,43,Jaccard,Hierachical Clustering,single,"{1: {'green': '14.29%', 'red': '85.71%'}, 2: {'green': '100.0%', 'red': '0.0%'}}",0.461903463,85.71
174,43,Jaccard,Hierachical Clustering,average,"{1: {'green': '14.29%', 'red': '85.71%'}, 2: {'green': '100.0%', 'red': '0.0%'}}",0.461903463,85.71
175,43,Jaccard,Hierachical Clustering,ward,"{1: {'green': '14.29%', 'red': '85.71%'}, 2: {'green': '100.0%', 'red': '0.0%'}}",0.461903463,85.71
112,28,Jaccard,Hierachical Clustering,single,"{1: {'green': '66.67%', 'red': '33.33%'}, 2: {'green': '1.82%', 'red': '98.18%'}}",0.457023563,64.85
113,28,Jaccard,Hierachical Clustering,complete,"{1: {'green': '66.67%', 'red': '33.33%'}, 2: {'green': '1.82%', 'red': '98.18%'}}",0.457023563,64.85
114,28,Jaccard,Hierachical Clustering,average,"{1: {'green': '66.67%', 'red': '33.33%'}, 2: {'green': '1.82%', 'red': '98.18%'}}",0.457023563,64.85
115,28,Jaccard,Hierachical Clustering,ward,"{1: {'green': '66.67%', 'red': '33.33%'}, 2: {'green': '1.82%', 'red': '98.18%'}}",0.457023563,64.85
188,47,Jaccard,Hierachical Clustering,single,"{1: {'green': '31.58%', 'red': '68.42%'}, 2: {'green': '97.4%', 'red': '2.6%'}}",0.448843504,65.82
190,47,Jaccard,Hierachical Clustering,average,"{1: {'green': '31.58%', 'red': '68.42%'}, 2: {'green': '97.4%', 'red': '2.6%'}}",0.448843504,65.82
191,47,Jaccard,Hierachical Clustering,ward,"{1: {'green': '31.58%', 'red': '68.42%'}, 2: {'green': '97.4%', 'red': '2.6%'}}",0.448843504,65.82
64,16,Jaccard,Hierachical Clustering,single,"{1: {'green': '33.33%', 'red': '66.67%'}, 2: {'green': '100.0%', 'red': '0.0%'}}",0.442388538,66.67
66,16,Jaccard,Hierachical Clustering,average,"{1: {'green': '33.33%', 'red': '66.67%'}, 2: {'green': '100.0%', 'red': '0.0%'}}",0.442388538,66.67
67,16,Jaccard,Hierachical Clustering,ward,"{1: {'green': '33.33%', 'red': '66.67%'}, 2: {'green': '100.0%', 'red': '0.0%'}}",0.442388538,66.67
104,26,Jaccard,Hierachical Clustering,single,"{1: {'green': '66.67%', 'red': '33.33%'}, 2: {'green': '0.97%', 'red': '99.03%'}}",0.439878158,65.7
105,26,Jaccard,Hierachical Clustering,complete,"{1: {'green': '66.67%', 'red': '33.33%'}, 2: {'green': '0.97%', 'red': '99.03%'}}",0.439878158,65.7
106,26,Jaccard,Hierachical Clustering,average,"{1: {'green': '66.67%', 'red': '33.33%'}, 2: {'green': '0.97%', 'red': '99.03%'}}",0.439878158,65.7
107,26,Jaccard,Hierachical Clustering,ward,"{1: {'green': '66.67%', 'red': '33.33%'}, 2: {'green': '0.97%', 'red': '99.03%'}}",0.439878158,65.7
196,49,Jaccard,Hierachical Clustering,single,"{1: {'green': '2.9%', 'red': '97.1%'}, 2: {'green': '72.22%', 'red': '27.78%'}}",0.439242776,69.32
198,49,Jaccard,Hierachical Clustering,average,"{1: {'green': '72.22%', 'red': '27.78%'}, 2: {'green': '2.9%', 'red': '97.1%'}}",0.439242776,69.32
199,49,Jaccard,Hierachical Clustering,ward,"{1: {'green': '72.22%', 'red': '27.78%'}, 2: {'green': '2.9%', 'red': '97.1%'}}",0.439242776,69.32
4,1,Jaccard,Hierachical Clustering,single,"{1: {'green': '3.23%', 'red': '96.77%'}, 2: {'green': '77.5%', 'red': '22.5%'}}",0.428590872,74.27
6,1,Jaccard,Hierachical Clustering,average,"{1: {'green': '77.5%', 'red': '22.5%'}, 2: {'green': '3.23%', 'red': '96.77%'}}",0.428590872,74.27
7,1,Jaccard,Hierachical Clustering,ward,"{1: {'green': '3.23%', 'red': '96.77%'}, 2: {'green': '77.5%', 'red': '22.5%'}}",0.428590872,74.27
5,1,Jaccard,Hierachical Clustering,complete,"{1: {'green': '32.35%', 'red': '67.65%'}}",-1,0
17,4,Jaccard,Hierachical Clustering,complete,"{1: {'green': '54.87%', 'red': '45.13%'}}",-1,0
21,5,Jaccard,Hierachical Clustering,complete,"{1: {'green': '50.4%', 'red': '49.6%'}}",-1,0
25,6,Jaccard,Hierachical Clustering,complete,"{1: {'green': '43.22%', 'red': '56.78%'}}",-1,0
33,8,Jaccard,Hierachical Clustering,complete,"{1: {'green': '40.0%', 'red': '60.0%'}}",-1,0
45,11,Jaccard,Hierachical Clustering,complete,"{1: {'green': '47.44%', 'red': '52.56%'}}",-1,0
49,12,Jaccard,Hierachical Clustering,complete,"{1: {'green': '77.42%', 'red': '22.58%'}}",-1,0
65,16,Jaccard,Hierachical Clustering,complete,"{1: {'green': '75.81%', 'red': '24.19%'}}",-1,0
69,17,Jaccard,Hierachical Clustering,complete,"{1: {'green': '56.32%', 'red': '43.68%'}}",-1,0
77,19,Jaccard,Hierachical Clustering,complete,"{1: {'green': '32.48%', 'red': '67.52%'}}",-1,0
89,22,Jaccard,Hierachical Clustering,complete,"{1: {'green': '53.49%', 'red': '46.51%'}}",-1,0
101,25,Jaccard,Hierachical Clustering,complete,"{1: {'green': '39.36%', 'red': '60.64%'}}",-1,0
109,27,Jaccard,Hierachical Clustering,complete,"{1: {'green': '73.08%', 'red': '26.92%'}}",-1,0
117,29,Jaccard,Hierachical Clustering,complete,"{1: {'green': '28.57%', 'red': '71.43%'}}",-1,0
121,30,Jaccard,Hierachical Clustering,complete,"{1: {'green': '59.48%', 'red': '40.52%'}}",-1,0
125,31,Jaccard,Hierachical Clustering,complete,"{1: {'green': '37.27%', 'red': '62.73%'}}",-1,0
133,33,Jaccard,Hierachical Clustering,complete,"{1: {'green': '77.6%', 'red': '22.4%'}}",-1,0
149,37,Jaccard,Hierachical Clustering,complete,"{1: {'green': '55.95%', 'red': '44.05%'}}",-1,0
153,38,Jaccard,Hierachical Clustering,complete,"{1: {'green': '59.76%', 'red': '40.24%'}}",-1,0
157,39,Jaccard,Hierachical Clustering,complete,"{1: {'green': '44.57%', 'red': '55.43%'}}",-1,0
161,40,Jaccard,Hierachical Clustering,complete,"{1: {'green': '56.07%', 'red': '43.93%'}}",-1,0
165,41,Jaccard,Hierachical Clustering,complete,"{1: {'green': '55.81%', 'red': '44.19%'}}",-1,0
169,42,Jaccard,Hierachical Clustering,complete,"{1: {'green': '37.8%', 'red': '62.2%'}}",-1,0
173,43,Jaccard,Hierachical Clustering,complete,"{1: {'green': '60.66%', 'red': '39.34%'}}",-1,0
177,44,Jaccard,Hierachical Clustering,complete,"{1: {'green': '51.19%', 'red': '48.81%'}}",-1,0
181,45,Jaccard,Hierachical Clustering,complete,"{1: {'green': '48.94%', 'red': '51.06%'}}",-1,0
189,47,Jaccard,Hierachical Clustering,complete,"{1: {'green': '75.65%', 'red': '24.35%'}}",-1,0
197,49,Jaccard,Hierachical Clustering,complete,"{1: {'green': '26.67%', 'red': '73.33%'}}",-1,0
