,Seed,Linkage Method,Color Distribution
0,0,single,"{'green': {1: 0, 2: 6}, 'green, green': {1: 0, 2: 1}, 'green, green, green': {1: 0, 2: 3}, 'green, green, green, green': {1: 0, 2: 1}, 'green, green, green, green, green': {1: 0, 2: 1}, 'green, green, green, green, green, green': {1: 0, 2: 2}, 'green, red, red, red, red': {1: 9, 2: 0}, 'red, green, green, green, green': {1: 0, 2: 3}, 'red, green, green, green, green, green, green': {1: 0, 2: 1}, 'red, red, red': {1: 1, 2: 0}, 'red, red, red, red': {1: 1, 2: 0}}"
1,0,complete,"{'green': {1: 6}, 'green, green': {1: 1}, 'green, green, green': {1: 3}, 'green, green, green, green': {1: 1}, 'green, green, green, green, green': {1: 1}, 'green, green, green, green, green, green': {1: 2}, 'green, red, red, red, red': {1: 9}, 'red, green, green, green, green': {1: 3}, 'red, green, green, green, green, green, green': {1: 1}, 'red, red, red': {1: 1}, 'red, red, red, red': {1: 1}}"
2,0,average,"{'green': {1: 0, 2: 6}, 'green, green': {1: 0, 2: 1}, 'green, green, green': {1: 0, 2: 3}, 'green, green, green, green': {1: 0, 2: 1}, 'green, green, green, green, green': {1: 0, 2: 1}, 'green, green, green, green, green, green': {1: 0, 2: 2}, 'green, red, red, red, red': {1: 9, 2: 0}, 'red, green, green, green, green': {1: 0, 2: 3}, 'red, green, green, green, green, green, green': {1: 0, 2: 1}, 'red, red, red': {1: 1, 2: 0}, 'red, red, red, red': {1: 1, 2: 0}}"
3,0,ward,"{'green': {1: 0, 2: 6}, 'green, green': {1: 0, 2: 1}, 'green, green, green': {1: 0, 2: 3}, 'green, green, green, green': {1: 0, 2: 1}, 'green, green, green, green, green': {1: 0, 2: 1}, 'green, green, green, green, green, green': {1: 0, 2: 2}, 'green, red, red, red, red': {1: 9, 2: 0}, 'red, green, green, green, green': {1: 0, 2: 3}, 'red, green, green, green, green, green, green': {1: 0, 2: 1}, 'red, red, red': {1: 1, 2: 0}, 'red, red, red, red': {1: 1, 2: 0}}"
4,1,single,"{'green': {1: 0, 2: 2}, 'green, green': {1: 0, 2: 2}, 'green, green, green': {1: 0, 2: 1}, 'green, red, red, red, red, red, red': {1: 2, 2: 0}, 'red': {1: 2, 2: 0}, 'red, green, green': {1: 0, 2: 3}, 'red, green, green, green': {1: 0, 2: 6}, 'red, red': {1: 2, 2: 0}, 'red, red, red': {1: 3, 2: 0}, 'red, red, red, red': {1: 1, 2: 0}, 'red, red, red, red, red': {1: 5, 2: 0}, 'red, red, red, red, red, red': {1: 1, 2: 0}}"
5,1,complete,"{'green': {1: 2}, 'green, green': {1: 2}, 'green, green, green': {1: 1}, 'green, red, red, red, red, red, red': {1: 2}, 'red': {1: 2}, 'red, green, green': {1: 3}, 'red, green, green, green': {1: 6}, 'red, red': {1: 2}, 'red, red, red': {1: 3}, 'red, red, red, red': {1: 1}, 'red, red, red, red, red': {1: 5}, 'red, red, red, red, red, red': {1: 1}}"
6,1,average,"{'green': {1: 2, 2: 0}, 'green, green': {1: 2, 2: 0}, 'green, green, green': {1: 1, 2: 0}, 'green, red, red, red, red, red, red': {1: 0, 2: 2}, 'red': {1: 0, 2: 2}, 'red, green, green': {1: 3, 2: 0}, 'red, green, green, green': {1: 6, 2: 0}, 'red, red': {1: 0, 2: 2}, 'red, red, red': {1: 0, 2: 3}, 'red, red, red, red': {1: 0, 2: 1}, 'red, red, red, red, red': {1: 0, 2: 5}, 'red, red, red, red, red, red': {1: 0, 2: 1}}"
7,1,ward,"{'green': {1: 0, 2: 2}, 'green, green': {1: 0, 2: 2}, 'green, green, green': {1: 0, 2: 1}, 'green, red, red, red, red, red, red': {1: 2, 2: 0}, 'red': {1: 2, 2: 0}, 'red, green, green': {1: 0, 2: 3}, 'red, green, green, green': {1: 0, 2: 6}, 'red, red': {1: 2, 2: 0}, 'red, red, red': {1: 3, 2: 0}, 'red, red, red, red': {1: 1, 2: 0}, 'red, red, red, red, red': {1: 5, 2: 0}, 'red, red, red, red, red, red': {1: 1, 2: 0}}"
8,2,single,"{'green': {1: 2, 2: 1}, 'green, green': {1: 1, 2: 0}, 'green, green, green': {1: 2, 2: 0}, 'green, green, green, green, green, green': {1: 2, 2: 0}, 'green, green, green, green, green, green, green': {1: 1, 2: 0}, 'green, red, red, red': {1: 13, 2: 0}, 'red': {1: 3, 2: 0}}"
9,2,complete,"{'green': {1: 3}, 'green, green': {1: 1}, 'green, green, green': {1: 2}, 'green, green, green, green, green, green': {1: 2}, 'green, green, green, green, green, green, green': {1: 1}, 'green, red, red, red': {1: 13}, 'red': {1: 3}}"
10,2,average,"{'green': {1: 0, 2: 3}, 'green, green': {1: 0, 2: 1}, 'green, green, green': {1: 0, 2: 2}, 'green, green, green, green, green, green': {1: 0, 2: 2}, 'green, green, green, green, green, green, green': {1: 0, 2: 1}, 'green, red, red, red': {1: 13, 2: 0}, 'red': {1: 3, 2: 0}}"
11,2,ward,"{'green': {1: 3, 2: 0}, 'green, green': {1: 1, 2: 0}, 'green, green, green': {1: 2, 2: 0}, 'green, green, green, green, green, green': {1: 2, 2: 0}, 'green, green, green, green, green, green, green': {1: 1, 2: 0}, 'green, red, red, red': {1: 0, 2: 13}, 'red': {1: 0, 2: 3}}"
12,3,single,"{'green': {1: 3}, 'green, green': {1: 3}, 'green, green, green, green, green': {1: 3}, 'green, red, red, red, red, red': {1: 3}, 'red': {1: 1}, 'red, green, green, green, green, green': {1: 2}, 'red, red': {1: 1}, 'red, red, red': {1: 2}, 'red, red, red, red': {1: 2}}"
13,3,complete,"{'green': {1: 3}, 'green, green': {1: 3}, 'green, green, green, green, green': {1: 3}, 'green, red, red, red, red, red': {1: 3}, 'red': {1: 1}, 'red, green, green, green, green, green': {1: 2}, 'red, red': {1: 1}, 'red, red, red': {1: 2}, 'red, red, red, red': {1: 2}}"
14,3,average,"{'green': {1: 0, 2: 3}, 'green, green': {1: 0, 2: 3}, 'green, green, green, green, green': {1: 0, 2: 3}, 'green, red, red, red, red, red': {1: 3, 2: 0}, 'red': {1: 1, 2: 0}, 'red, green, green, green, green, green': {1: 0, 2: 2}, 'red, red': {1: 1, 2: 0}, 'red, red, red': {1: 2, 2: 0}, 'red, red, red, red': {1: 2, 2: 0}}"
15,3,ward,"{'green': {1: 0, 2: 3}, 'green, green': {1: 0, 2: 3}, 'green, green, green, green, green': {1: 0, 2: 3}, 'green, red, red, red, red, red': {1: 3, 2: 0}, 'red': {1: 1, 2: 0}, 'red, green, green, green, green, green': {1: 0, 2: 2}, 'red, red': {1: 1, 2: 0}, 'red, red, red': {1: 2, 2: 0}, 'red, red, red, red': {1: 2, 2: 0}}"
16,4,single,"{'green': {1: 1, 2: 0}, 'green, green': {1: 2, 2: 0}, 'green, green, green': {1: 2, 2: 0}, 'green, green, green, green': {1: 2, 2: 0}, 'green, green, green, green, green': {1: 2, 2: 0}, 'green, red, red, red, red': {1: 0, 2: 10}, 'red': {1: 0, 2: 1}, 'red, green, green, green, green, green, green': {1: 4, 2: 0}, 'red, red, red': {1: 0, 2: 1}, 'red, red, red, red': {1: 0, 2: 1}}"
17,4,complete,"{'green': {1: 1}, 'green, green': {1: 2}, 'green, green, green': {1: 2}, 'green, green, green, green': {1: 2}, 'green, green, green, green, green': {1: 2}, 'green, red, red, red, red': {1: 10}, 'red': {1: 1}, 'red, green, green, green, green, green, green': {1: 4}, 'red, red, red': {1: 1}, 'red, red, red, red': {1: 1}}"
18,4,average,"{'green': {1: 0, 2: 1}, 'green, green': {1: 0, 2: 2}, 'green, green, green': {1: 0, 2: 2}, 'green, green, green, green': {1: 0, 2: 2}, 'green, green, green, green, green': {1: 0, 2: 2}, 'green, red, red, red, red': {1: 10, 2: 0}, 'red': {1: 1, 2: 0}, 'red, green, green, green, green, green, green': {1: 0, 2: 4}, 'red, red, red': {1: 1, 2: 0}, 'red, red, red, red': {1: 1, 2: 0}}"
19,4,ward,"{'green': {1: 1, 2: 0}, 'green, green': {1: 2, 2: 0}, 'green, green, green': {1: 2, 2: 0}, 'green, green, green, green': {1: 2, 2: 0}, 'green, green, green, green, green': {1: 2, 2: 0}, 'green, red, red, red, red': {1: 0, 2: 10}, 'red': {1: 0, 2: 1}, 'red, green, green, green, green, green, green': {1: 4, 2: 0}, 'red, red, red': {1: 0, 2: 1}, 'red, red, red, red': {1: 0, 2: 1}}"
20,5,single,"{'green': {1: 2, 2: 0}, 'green, green, green': {1: 2, 2: 0}, 'green, green, green, green': {1: 2, 2: 0}, 'green, green, green, green, green': {1: 3, 2: 0}, 'green, red, red, red, red, red': {1: 0, 2: 8}, 'red': {1: 0, 2: 2}, 'red, green, green, green': {1: 1, 2: 0}, 'red, green, green, green, green': {1: 2, 2: 0}, 'red, green, green, green, green, green': {1: 3, 2: 0}, 'red, red': {1: 0, 2: 1}, 'red, red, red': {1: 0, 2: 3}, 'red, red, red, red, red': {1: 0, 2: 1}}"
21,5,complete,"{'green': {1: 2}, 'green, green, green': {1: 2}, 'green, green, green, green': {1: 2}, 'green, green, green, green, green': {1: 3}, 'green, red, red, red, red, red': {1: 8}, 'red': {1: 2}, 'red, green, green, green': {1: 1}, 'red, green, green, green, green': {1: 2}, 'red, green, green, green, green, green': {1: 3}, 'red, red': {1: 1}, 'red, red, red': {1: 3}, 'red, red, red, red, red': {1: 1}}"
22,5,average,"{'green': {1: 0, 2: 2}, 'green, green, green': {1: 0, 2: 2}, 'green, green, green, green': {1: 0, 2: 2}, 'green, green, green, green, green': {1: 0, 2: 3}, 'green, red, red, red, red, red': {1: 8, 2: 0}, 'red': {1: 2, 2: 0}, 'red, green, green, green': {1: 0, 2: 1}, 'red, green, green, green, green': {1: 0, 2: 2}, 'red, green, green, green, green, green': {1: 0, 2: 3}, 'red, red': {1: 1, 2: 0}, 'red, red, red': {1: 3, 2: 0}, 'red, red, red, red, red': {1: 1, 2: 0}}"
23,5,ward,"{'green': {1: 2, 2: 0}, 'green, green, green': {1: 2, 2: 0}, 'green, green, green, green': {1: 2, 2: 0}, 'green, green, green, green, green': {1: 3, 2: 0}, 'green, red, red, red, red, red': {1: 0, 2: 8}, 'red': {1: 0, 2: 2}, 'red, green, green, green': {1: 1, 2: 0}, 'red, green, green, green, green': {1: 2, 2: 0}, 'red, green, green, green, green, green': {1: 3, 2: 0}, 'red, red': {1: 0, 2: 1}, 'red, red, red': {1: 0, 2: 3}, 'red, red, red, red, red': {1: 0, 2: 1}}"
24,6,single,"{'green': {1: 0, 2: 2}, 'green, green': {1: 0, 2: 2}, 'green, green, green': {1: 0, 2: 1}, 'green, green, green, green': {1: 0, 2: 3}, 'green, red, red, red, red, red': {1: 1, 2: 0}, 'green, red, red, red, red, red, red': {1: 3, 2: 0}, 'red': {1: 4, 2: 0}, 'red, green, green, green, green': {1: 0, 2: 7}, 'red, red': {1: 3, 2: 0}, 'red, red, red': {1: 1, 2: 0}, 'red, red, red, red, red': {1: 2, 2: 0}, 'red, red, red, red, red, red': {1: 3, 2: 0}}"
25,6,complete,"{'green': {1: 2}, 'green, green': {1: 2}, 'green, green, green': {1: 1}, 'green, green, green, green': {1: 3}, 'green, red, red, red, red, red': {1: 1}, 'green, red, red, red, red, red, red': {1: 3}, 'red': {1: 4}, 'red, green, green, green, green': {1: 7}, 'red, red': {1: 3}, 'red, red, red': {1: 1}, 'red, red, red, red, red': {1: 2}, 'red, red, red, red, red, red': {1: 3}}"
26,6,average,"{'green': {1: 2, 2: 0}, 'green, green': {1: 2, 2: 0}, 'green, green, green': {1: 1, 2: 0}, 'green, green, green, green': {1: 3, 2: 0}, 'green, red, red, red, red, red': {1: 0, 2: 1}, 'green, red, red, red, red, red, red': {1: 0, 2: 3}, 'red': {1: 0, 2: 4}, 'red, green, green, green, green': {1: 7, 2: 0}, 'red, red': {1: 0, 2: 3}, 'red, red, red': {1: 0, 2: 1}, 'red, red, red, red, red': {1: 0, 2: 2}, 'red, red, red, red, red, red': {1: 0, 2: 3}}"
27,6,ward,"{'green': {1: 2, 2: 0}, 'green, green': {1: 2, 2: 0}, 'green, green, green': {1: 1, 2: 0}, 'green, green, green, green': {1: 3, 2: 0}, 'green, red, red, red, red, red': {1: 0, 2: 1}, 'green, red, red, red, red, red, red': {1: 0, 2: 3}, 'red': {1: 0, 2: 4}, 'red, green, green, green, green': {1: 7, 2: 0}, 'red, red': {1: 0, 2: 3}, 'red, red, red': {1: 0, 2: 1}, 'red, red, red, red, red': {1: 0, 2: 2}, 'red, red, red, red, red, red': {1: 0, 2: 3}}"
28,7,single,"{'green': {1: 0, 2: 5}, 'green, green, green': {1: 0, 2: 1}, 'green, green, green, green': {1: 0, 2: 2}, 'green, red, red, red, red, red, red': {1: 6, 2: 0}, 'red': {1: 3, 2: 0}, 'red, green, green, green, green': {1: 0, 2: 8}, 'red, red, red': {1: 1, 2: 0}, 'red, red, red, red': {1: 2, 2: 0}, 'red, red, red, red, red, red': {1: 2, 2: 0}}"
29,7,complete,"{'green': {1: 5}, 'green, green, green': {1: 1}, 'green, green, green, green': {1: 2}, 'green, red, red, red, red, red, red': {1: 6}, 'red': {1: 3}, 'red, green, green, green, green': {1: 8}, 'red, red, red': {1: 1}, 'red, red, red, red': {1: 2}, 'red, red, red, red, red, red': {1: 2}}"
30,7,average,"{'green': {1: 5, 2: 0}, 'green, green, green': {1: 1, 2: 0}, 'green, green, green, green': {1: 2, 2: 0}, 'green, red, red, red, red, red, red': {1: 0, 2: 6}, 'red': {1: 0, 2: 3}, 'red, green, green, green, green': {1: 8, 2: 0}, 'red, red, red': {1: 0, 2: 1}, 'red, red, red, red': {1: 0, 2: 2}, 'red, red, red, red, red, red': {1: 0, 2: 2}}"
31,7,ward,"{'green': {1: 0, 2: 5}, 'green, green, green': {1: 0, 2: 1}, 'green, green, green, green': {1: 0, 2: 2}, 'green, red, red, red, red, red, red': {1: 6, 2: 0}, 'red': {1: 2, 2: 1}, 'red, green, green, green, green': {1: 0, 2: 8}, 'red, red, red': {1: 1, 2: 0}, 'red, red, red, red': {1: 2, 2: 0}, 'red, red, red, red, red, red': {1: 2, 2: 0}}"
32,8,single,"{'green': {1: 3, 2: 0}, 'green, green': {1: 2, 2: 0}, 'green, green, green': {1: 2, 2: 0}, 'green, red, red, red, red, red': {1: 0, 2: 1}, 'green, red, red, red, red, red, red': {1: 0, 2: 1}, 'red': {1: 0, 2: 7}, 'red, green, green, green, green': {1: 5, 2: 0}, 'red, red': {1: 0, 2: 1}, 'red, red, red': {1: 0, 2: 1}, 'red, red, red, red': {1: 0, 2: 3}, 'red, red, red, red, red': {1: 0, 2: 3}}"
33,8,complete,"{'green': {1: 3}, 'green, green': {1: 2}, 'green, green, green': {1: 2}, 'green, red, red, red, red, red': {1: 1}, 'green, red, red, red, red, red, red': {1: 1}, 'red': {1: 7}, 'red, green, green, green, green': {1: 5}, 'red, red': {1: 1}, 'red, red, red': {1: 1}, 'red, red, red, red': {1: 3}, 'red, red, red, red, red': {1: 3}}"
34,8,average,"{'green': {1: 3, 2: 0}, 'green, green': {1: 2, 2: 0}, 'green, green, green': {1: 2, 2: 0}, 'green, red, red, red, red, red': {1: 0, 2: 1}, 'green, red, red, red, red, red, red': {1: 0, 2: 1}, 'red': {1: 0, 2: 7}, 'red, green, green, green, green': {1: 5, 2: 0}, 'red, red': {1: 0, 2: 1}, 'red, red, red': {1: 0, 2: 1}, 'red, red, red, red': {1: 0, 2: 3}, 'red, red, red, red, red': {1: 0, 2: 3}}"
35,8,ward,"{'green': {1: 3, 2: 0}, 'green, green': {1: 2, 2: 0}, 'green, green, green': {1: 2, 2: 0}, 'green, red, red, red, red, red': {1: 0, 2: 1}, 'green, red, red, red, red, red, red': {1: 0, 2: 1}, 'red': {1: 0, 2: 7}, 'red, green, green, green, green': {1: 5, 2: 0}, 'red, red': {1: 0, 2: 1}, 'red, red, red': {1: 0, 2: 1}, 'red, red, red, red': {1: 0, 2: 3}, 'red, red, red, red, red': {1: 0, 2: 3}}"
36,9,single,"{'green': {1: 0, 2: 5}, 'green, green': {1: 0, 2: 1}, 'green, green, green': {1: 0, 2: 3}, 'green, green, green, green': {1: 0, 2: 2}, 'green, red, red, red, red': {1: 10, 2: 0}, 'red': {1: 2, 2: 0}, 'red, green, green, green, green, green, green': {1: 0, 2: 1}, 'red, red': {1: 1, 2: 0}, 'red, red, red': {1: 1, 2: 0}, 'red, red, red, red': {1: 2, 2: 0}}"
37,9,complete,"{'green': {1: 5}, 'green, green': {1: 1}, 'green, green, green': {1: 3}, 'green, green, green, green': {1: 2}, 'green, red, red, red, red': {1: 10}, 'red': {1: 2}, 'red, green, green, green, green, green, green': {1: 1}, 'red, red': {1: 1}, 'red, red, red': {1: 1}, 'red, red, red, red': {1: 2}}"
38,9,average,"{'green': {1: 0, 2: 5}, 'green, green': {1: 0, 2: 1}, 'green, green, green': {1: 0, 2: 3}, 'green, green, green, green': {1: 0, 2: 2}, 'green, red, red, red, red': {1: 10, 2: 0}, 'red': {1: 2, 2: 0}, 'red, green, green, green, green, green, green': {1: 0, 2: 1}, 'red, red': {1: 1, 2: 0}, 'red, red, red': {1: 1, 2: 0}, 'red, red, red, red': {1: 2, 2: 0}}"
39,9,ward,"{'green': {1: 0, 2: 5}, 'green, green': {1: 0, 2: 1}, 'green, green, green': {1: 0, 2: 3}, 'green, green, green, green': {1: 0, 2: 2}, 'green, red, red, red, red': {1: 10, 2: 0}, 'red': {1: 2, 2: 0}, 'red, green, green, green, green, green, green': {1: 0, 2: 1}, 'red, red': {1: 1, 2: 0}, 'red, red, red': {1: 1, 2: 0}, 'red, red, red, red': {1: 2, 2: 0}}"
40,10,single,"{'green': {1: 4}, 'green, green': {1: 1}, 'green, green, green, green, green': {1: 6}, 'green, green, green, green, green, green': {1: 3}, 'green, red, red, red, red': {1: 4}, 'red, green, green, green, green, green': {1: 1}, 'red, green, green, green, green, green, green': {1: 4}, 'red, red, red': {1: 1}, 'red, red, red, red': {1: 1}}"
41,10,complete,"{'green': {1: 4}, 'green, green': {1: 1}, 'green, green, green, green, green': {1: 6}, 'green, green, green, green, green, green': {1: 3}, 'green, red, red, red, red': {1: 4}, 'red, green, green, green, green, green': {1: 1}, 'red, green, green, green, green, green, green': {1: 4}, 'red, red, red': {1: 1}, 'red, red, red, red': {1: 1}}"
42,10,average,"{'green': {1: 0, 2: 4}, 'green, green': {1: 0, 2: 1}, 'green, green, green, green, green': {1: 0, 2: 6}, 'green, green, green, green, green, green': {1: 0, 2: 3}, 'green, red, red, red, red': {1: 4, 2: 0}, 'red, green, green, green, green, green': {1: 0, 2: 1}, 'red, green, green, green, green, green, green': {1: 0, 2: 4}, 'red, red, red': {1: 1, 2: 0}, 'red, red, red, red': {1: 1, 2: 0}}"
43,10,ward,"{'green': {1: 0, 2: 4}, 'green, green': {1: 0, 2: 1}, 'green, green, green, green, green': {1: 0, 2: 6}, 'green, green, green, green, green, green': {1: 0, 2: 3}, 'green, red, red, red, red': {1: 4, 2: 0}, 'red, green, green, green, green, green': {1: 0, 2: 1}, 'red, green, green, green, green, green, green': {1: 0, 2: 4}, 'red, red, red': {1: 1, 2: 0}, 'red, red, red, red': {1: 1, 2: 0}}"
44,11,single,"{'green': {1: 0, 2: 1}, 'green, green': {1: 0, 2: 2}, 'green, green, green': {1: 0, 2: 1}, 'green, green, green, green': {1: 0, 2: 1}, 'red': {1: 2, 2: 0}, 'red, green, green, green': {1: 0, 2: 2}, 'red, green, green, green, green': {1: 0, 2: 5}, 'red, red': {1: 1, 2: 0}, 'red, red, red': {1: 1, 2: 0}, 'red, red, red, red': {1: 1, 2: 0}, 'red, red, red, red, red': {1: 5, 2: 0}}"
45,11,complete,"{'green': {1: 1}, 'green, green': {1: 2}, 'green, green, green': {1: 1}, 'green, green, green, green': {1: 1}, 'red': {1: 2}, 'red, green, green, green': {1: 2}, 'red, green, green, green, green': {1: 5}, 'red, red': {1: 1}, 'red, red, red': {1: 1}, 'red, red, red, red': {1: 1}, 'red, red, red, red, red': {1: 5}}"
46,11,average,"{'green': {1: 1, 2: 0}, 'green, green': {1: 2, 2: 0}, 'green, green, green': {1: 1, 2: 0}, 'green, green, green, green': {1: 1, 2: 0}, 'red': {1: 0, 2: 2}, 'red, green, green, green': {1: 2, 2: 0}, 'red, green, green, green, green': {1: 5, 2: 0}, 'red, red': {1: 0, 2: 1}, 'red, red, red': {1: 0, 2: 1}, 'red, red, red, red': {1: 0, 2: 1}, 'red, red, red, red, red': {1: 0, 2: 5}}"
47,11,ward,"{'green': {1: 1, 2: 0}, 'green, green': {1: 2, 2: 0}, 'green, green, green': {1: 1, 2: 0}, 'green, green, green, green': {1: 1, 2: 0}, 'red': {1: 0, 2: 2}, 'red, green, green, green': {1: 2, 2: 0}, 'red, green, green, green, green': {1: 5, 2: 0}, 'red, red': {1: 0, 2: 1}, 'red, red, red': {1: 0, 2: 1}, 'red, red, red, red': {1: 0, 2: 1}, 'red, red, red, red, red': {1: 0, 2: 5}}"
48,12,single,"{'green': {1: 5}, 'green, green': {1: 5}, 'green, green, green': {1: 1}, 'green, green, green, green': {1: 4}, 'green, green, green, green, green': {1: 4}, 'green, green, green, green, green, green': {1: 2}, 'green, red, red, red, red': {1: 5}, 'red': {1: 3}, 'red, green, green, green, green, green, green': {1: 1}}"
49,12,complete,"{'green': {1: 5}, 'green, green': {1: 5}, 'green, green, green': {1: 1}, 'green, green, green, green': {1: 4}, 'green, green, green, green, green': {1: 4}, 'green, green, green, green, green, green': {1: 2}, 'green, red, red, red, red': {1: 5}, 'red': {1: 3}, 'red, green, green, green, green, green, green': {1: 1}}"
50,12,average,"{'green': {1: 0, 2: 5}, 'green, green': {1: 0, 2: 5}, 'green, green, green': {1: 0, 2: 1}, 'green, green, green, green': {1: 0, 2: 4}, 'green, green, green, green, green': {1: 0, 2: 4}, 'green, green, green, green, green, green': {1: 0, 2: 2}, 'green, red, red, red, red': {1: 5, 2: 0}, 'red': {1: 3, 2: 0}, 'red, green, green, green, green, green, green': {1: 0, 2: 1}}"
51,12,ward,"{'green': {1: 0, 2: 5}, 'green, green': {1: 0, 2: 5}, 'green, green, green': {1: 0, 2: 1}, 'green, green, green, green': {1: 0, 2: 4}, 'green, green, green, green, green': {1: 0, 2: 4}, 'green, green, green, green, green, green': {1: 0, 2: 2}, 'green, red, red, red, red': {1: 5, 2: 0}, 'red': {1: 3, 2: 0}, 'red, green, green, green, green, green, green': {1: 0, 2: 1}}"
52,13,single,"{'green': {1: 4}, 'green, green': {1: 1}, 'green, red, red, red, red, red, red': {1: 2}, 'red': {1: 1}, 'red, green, green, green, green': {1: 10}, 'red, red': {1: 1}, 'red, red, red': {1: 2}, 'red, red, red, red, red': {1: 2}}"
53,13,complete,"{'green': {1: 4}, 'green, green': {1: 1}, 'green, red, red, red, red, red, red': {1: 2}, 'red': {1: 1}, 'red, green, green, green, green': {1: 10}, 'red, red': {1: 1}, 'red, red, red': {1: 2}, 'red, red, red, red, red': {1: 2}}"
54,13,average,"{'green': {1: 4, 2: 0}, 'green, green': {1: 1, 2: 0}, 'green, red, red, red, red, red, red': {1: 0, 2: 2}, 'red': {1: 0, 2: 1}, 'red, green, green, green, green': {1: 10, 2: 0}, 'red, red': {1: 0, 2: 1}, 'red, red, red': {1: 0, 2: 2}, 'red, red, red, red, red': {1: 0, 2: 2}}"
55,13,ward,"{'green': {1: 0, 2: 4}, 'green, green': {1: 0, 2: 1}, 'green, red, red, red, red, red, red': {1: 2, 2: 0}, 'red': {1: 0, 2: 1}, 'red, green, green, green, green': {1: 0, 2: 10}, 'red, red': {1: 1, 2: 0}, 'red, red, red': {1: 2, 2: 0}, 'red, red, red, red, red': {1: 2, 2: 0}}"
56,14,single,"{'green': {1: 2}, 'green, green': {1: 1}, 'green, green, green, green, green': {1: 1}, 'green, green, green, green, green, green': {1: 1}, 'green, red, red, red, red': {1: 7}, 'red, green, green, green, green, green, green': {1: 4}, 'red, red': {1: 1}, 'red, red, red': {1: 1}}"
57,14,complete,"{'green': {1: 2}, 'green, green': {1: 1}, 'green, green, green, green, green': {1: 1}, 'green, green, green, green, green, green': {1: 1}, 'green, red, red, red, red': {1: 7}, 'red, green, green, green, green, green, green': {1: 4}, 'red, red': {1: 1}, 'red, red, red': {1: 1}}"
58,14,average,"{'green': {1: 0, 2: 2}, 'green, green': {1: 0, 2: 1}, 'green, green, green, green, green': {1: 0, 2: 1}, 'green, green, green, green, green, green': {1: 0, 2: 1}, 'green, red, red, red, red': {1: 7, 2: 0}, 'red, green, green, green, green, green, green': {1: 0, 2: 4}, 'red, red': {1: 1, 2: 0}, 'red, red, red': {1: 1, 2: 0}}"
59,14,ward,"{'green': {1: 0, 2: 2}, 'green, green': {1: 0, 2: 1}, 'green, green, green, green, green': {1: 0, 2: 1}, 'green, green, green, green, green, green': {1: 0, 2: 1}, 'green, red, red, red, red': {1: 7, 2: 0}, 'red, green, green, green, green, green, green': {1: 0, 2: 4}, 'red, red': {1: 1, 2: 0}, 'red, red, red': {1: 1, 2: 0}}"
60,15,single,"{'green': {1: 0, 2: 3}, 'green, green, green': {1: 0, 2: 2}, 'green, green, green, green': {1: 0, 2: 3}, 'green, red, red, red, red': {1: 7, 2: 0}, 'red': {1: 1, 2: 0}, 'red, green, green, green, green, green': {1: 0, 2: 1}, 'red, green, green, green, green, green, green': {1: 0, 2: 2}, 'red, red, red': {1: 1, 2: 0}}"
61,15,complete,"{'green': {1: 3}, 'green, green, green': {1: 2}, 'green, green, green, green': {1: 3}, 'green, red, red, red, red': {1: 7}, 'red': {1: 1}, 'red, green, green, green, green, green': {1: 1}, 'red, green, green, green, green, green, green': {1: 2}, 'red, red, red': {1: 1}}"
62,15,average,"{'green': {1: 0, 2: 3}, 'green, green, green': {1: 0, 2: 2}, 'green, green, green, green': {1: 0, 2: 3}, 'green, red, red, red, red': {1: 7, 2: 0}, 'red': {1: 1, 2: 0}, 'red, green, green, green, green, green': {1: 0, 2: 1}, 'red, green, green, green, green, green, green': {1: 0, 2: 2}, 'red, red, red': {1: 1, 2: 0}}"
63,15,ward,"{'green': {1: 0, 2: 3}, 'green, green, green': {1: 0, 2: 2}, 'green, green, green, green': {1: 0, 2: 3}, 'green, red, red, red, red': {1: 7, 2: 0}, 'red': {1: 0, 2: 1}, 'red, green, green, green, green, green': {1: 0, 2: 1}, 'red, green, green, green, green, green, green': {1: 0, 2: 2}, 'red, red, red': {1: 1, 2: 0}}"
64,16,single,"{'green': {1: 4}, 'green, green': {1: 2}, 'green, green, green': {1: 2}, 'green, green, green, green': {1: 4}, 'green, green, green, green, green': {1: 2}, 'green, green, green, green, green, green': {1: 2}, 'green, green, green, green, green, green, green': {1: 1}, 'green, green, green, green, green, green, green, green': {1: 3}, 'green, red, red': {1: 15}, 'red': {1: 1}}"
65,16,complete,"{'green': {1: 4}, 'green, green': {1: 2}, 'green, green, green': {1: 2}, 'green, green, green, green': {1: 4}, 'green, green, green, green, green': {1: 2}, 'green, green, green, green, green, green': {1: 2}, 'green, green, green, green, green, green, green': {1: 1}, 'green, green, green, green, green, green, green, green': {1: 3}, 'green, red, red': {1: 15}, 'red': {1: 1}}"
66,16,average,"{'green': {1: 3, 2: 1}, 'green, green': {1: 2, 2: 0}, 'green, green, green': {1: 2, 2: 0}, 'green, green, green, green': {1: 4, 2: 0}, 'green, green, green, green, green': {1: 2, 2: 0}, 'green, green, green, green, green, green': {1: 2, 2: 0}, 'green, green, green, green, green, green, green': {1: 1, 2: 0}, 'green, green, green, green, green, green, green, green': {1: 3, 2: 0}, 'green, red, red': {1: 15, 2: 0}, 'red': {1: 1, 2: 0}}"
67,16,ward,"{'green': {1: 0, 2: 4}, 'green, green': {1: 0, 2: 2}, 'green, green, green': {1: 0, 2: 2}, 'green, green, green, green': {1: 0, 2: 4}, 'green, green, green, green, green': {1: 0, 2: 2}, 'green, green, green, green, green, green': {1: 0, 2: 2}, 'green, green, green, green, green, green, green': {1: 0, 2: 1}, 'green, green, green, green, green, green, green, green': {1: 0, 2: 3}, 'green, red, red': {1: 15, 2: 0}, 'red': {1: 1, 2: 0}}"
68,17,single,"{'green': {1: 1, 2: 0}, 'green, green': {1: 2, 2: 0}, 'green, green, green, green': {1: 4, 2: 0}, 'green, red, red, red, red, red': {1: 0, 2: 4}, 'red': {1: 0, 2: 4}, 'red, green, green, green, green, green': {1: 5, 2: 0}, 'red, red': {1: 0, 2: 2}, 'red, red, red, red': {1: 0, 2: 1}, 'red, red, red, red, red': {1: 0, 2: 1}}"
69,17,complete,"{'green': {1: 1}, 'green, green': {1: 2}, 'green, green, green, green': {1: 4}, 'green, red, red, red, red, red': {1: 4}, 'red': {1: 4}, 'red, green, green, green, green, green': {1: 5}, 'red, red': {1: 2}, 'red, red, red, red': {1: 1}, 'red, red, red, red, red': {1: 1}}"
70,17,average,"{'green': {1: 1, 2: 0}, 'green, green': {1: 2, 2: 0}, 'green, green, green, green': {1: 4, 2: 0}, 'green, red, red, red, red, red': {1: 0, 2: 4}, 'red': {1: 0, 2: 4}, 'red, green, green, green, green, green': {1: 5, 2: 0}, 'red, red': {1: 0, 2: 2}, 'red, red, red, red': {1: 0, 2: 1}, 'red, red, red, red, red': {1: 0, 2: 1}}"
71,17,ward,"{'green': {1: 1, 2: 0}, 'green, green': {1: 2, 2: 0}, 'green, green, green, green': {1: 4, 2: 0}, 'green, red, red, red, red, red': {1: 0, 2: 4}, 'red': {1: 0, 2: 4}, 'red, green, green, green, green, green': {1: 5, 2: 0}, 'red, red': {1: 0, 2: 2}, 'red, red, red, red': {1: 0, 2: 1}, 'red, red, red, red, red': {1: 0, 2: 1}}"
72,18,single,"{'green': {1: 0, 2: 3}, 'green, green': {1: 0, 2: 1}, 'green, green, green': {1: 0, 2: 1}, 'green, green, green, green': {1: 0, 2: 4}, 'green, red, red, red, red, red': {1: 6, 2: 0}, 'red, green, green, green, green, green': {1: 0, 2: 4}, 'red, red, red': {1: 4, 2: 0}, 'red, red, red, red': {1: 1, 2: 0}, 'red, red, red, red, red': {1: 2, 2: 0}}"
73,18,complete,"{'green': {1: 3}, 'green, green': {1: 1}, 'green, green, green': {1: 1}, 'green, green, green, green': {1: 4}, 'green, red, red, red, red, red': {1: 6}, 'red, green, green, green, green, green': {1: 4}, 'red, red, red': {1: 4}, 'red, red, red, red': {1: 1}, 'red, red, red, red, red': {1: 2}}"
74,18,average,"{'green': {1: 0, 2: 3}, 'green, green': {1: 0, 2: 1}, 'green, green, green': {1: 0, 2: 1}, 'green, green, green, green': {1: 0, 2: 4}, 'green, red, red, red, red, red': {1: 6, 2: 0}, 'red, green, green, green, green, green': {1: 0, 2: 4}, 'red, red, red': {1: 4, 2: 0}, 'red, red, red, red': {1: 1, 2: 0}, 'red, red, red, red, red': {1: 2, 2: 0}}"
75,18,ward,"{'green': {1: 0, 2: 3}, 'green, green': {1: 0, 2: 1}, 'green, green, green': {1: 0, 2: 1}, 'green, green, green, green': {1: 0, 2: 4}, 'green, red, red, red, red, red': {1: 6, 2: 0}, 'red, green, green, green, green, green': {1: 0, 2: 4}, 'red, red, red': {1: 4, 2: 0}, 'red, red, red, red': {1: 1, 2: 0}, 'red, red, red, red, red': {1: 2, 2: 0}}"
76,19,single,"{'green, green': {1: 1, 2: 0}, 'green, green, green': {1: 2, 2: 0}, 'green, green, green, green': {1: 1, 2: 0}, 'green, red, red, red, red, red, red': {1: 0, 2: 2}, 'red': {1: 0, 2: 2}, 'red, green, green, green, green': {1: 6, 2: 0}, 'red, red': {1: 0, 2: 2}, 'red, red, red': {1: 0, 2: 3}, 'red, red, red, red': {1: 0, 2: 1}, 'red, red, red, red, red': {1: 0, 2: 4}, 'red, red, red, red, red, red': {1: 0, 2: 4}}"
77,19,complete,"{'green, green': {1: 1}, 'green, green, green': {1: 2}, 'green, green, green, green': {1: 1}, 'green, red, red, red, red, red, red': {1: 2}, 'red': {1: 2}, 'red, green, green, green, green': {1: 6}, 'red, red': {1: 2}, 'red, red, red': {1: 3}, 'red, red, red, red': {1: 1}, 'red, red, red, red, red': {1: 4}, 'red, red, red, red, red, red': {1: 4}}"
78,19,average,"{'green, green': {1: 1, 2: 0}, 'green, green, green': {1: 2, 2: 0}, 'green, green, green, green': {1: 1, 2: 0}, 'green, red, red, red, red, red, red': {1: 0, 2: 2}, 'red': {1: 0, 2: 2}, 'red, green, green, green, green': {1: 6, 2: 0}, 'red, red': {1: 0, 2: 2}, 'red, red, red': {1: 0, 2: 3}, 'red, red, red, red': {1: 0, 2: 1}, 'red, red, red, red, red': {1: 0, 2: 4}, 'red, red, red, red, red, red': {1: 0, 2: 4}}"
79,19,ward,"{'green, green': {1: 1, 2: 0}, 'green, green, green': {1: 2, 2: 0}, 'green, green, green, green': {1: 1, 2: 0}, 'green, red, red, red, red, red, red': {1: 0, 2: 2}, 'red': {1: 0, 2: 2}, 'red, green, green, green, green': {1: 6, 2: 0}, 'red, red': {1: 0, 2: 2}, 'red, red, red': {1: 0, 2: 3}, 'red, red, red, red': {1: 0, 2: 1}, 'red, red, red, red, red': {1: 0, 2: 4}, 'red, red, red, red, red, red': {1: 0, 2: 4}}"
80,20,single,"{'green': {1: 2}, 'green, green': {1: 1}, 'green, green, green, green, green': {1: 2}, 'green, green, green, green, green, green': {1: 1}, 'green, red, red, red, red': {1: 6}, 'red': {1: 4}, 'red, green, green, green, green, green, green': {1: 2}, 'red, red, red, red': {1: 2}}"
81,20,complete,"{'green': {1: 2}, 'green, green': {1: 1}, 'green, green, green, green, green': {1: 2}, 'green, green, green, green, green, green': {1: 1}, 'green, red, red, red, red': {1: 6}, 'red': {1: 4}, 'red, green, green, green, green, green, green': {1: 2}, 'red, red, red, red': {1: 2}}"
82,20,average,"{'green': {1: 0, 2: 2}, 'green, green': {1: 0, 2: 1}, 'green, green, green, green, green': {1: 0, 2: 2}, 'green, green, green, green, green, green': {1: 0, 2: 1}, 'green, red, red, red, red': {1: 6, 2: 0}, 'red': {1: 4, 2: 0}, 'red, green, green, green, green, green, green': {1: 0, 2: 2}, 'red, red, red, red': {1: 2, 2: 0}}"
83,20,ward,"{'green': {1: 2, 2: 0}, 'green, green': {1: 1, 2: 0}, 'green, green, green, green, green': {1: 2, 2: 0}, 'green, green, green, green, green, green': {1: 1, 2: 0}, 'green, red, red, red, red': {1: 0, 2: 6}, 'red': {1: 0, 2: 4}, 'red, green, green, green, green, green, green': {1: 2, 2: 0}, 'red, red, red, red': {1: 0, 2: 2}}"
84,21,single,"{'green': {1: 0, 2: 2}, 'green, green, green': {1: 0, 2: 2}, 'green, green, green, green': {1: 0, 2: 1}, 'green, green, green, green, green': {1: 0, 2: 1}, 'green, red, red, red, red': {1: 13, 2: 0}, 'red, green, green, green, green, green, green': {1: 0, 2: 2}, 'red, red': {1: 2, 2: 0}, 'red, red, red': {1: 1, 2: 0}}"
85,21,complete,"{'green': {1: 2}, 'green, green, green': {1: 2}, 'green, green, green, green': {1: 1}, 'green, green, green, green, green': {1: 1}, 'green, red, red, red, red': {1: 13}, 'red, green, green, green, green, green, green': {1: 2}, 'red, red': {1: 2}, 'red, red, red': {1: 1}}"
86,21,average,"{'green': {1: 0, 2: 2}, 'green, green, green': {1: 0, 2: 2}, 'green, green, green, green': {1: 0, 2: 1}, 'green, green, green, green, green': {1: 0, 2: 1}, 'green, red, red, red, red': {1: 13, 2: 0}, 'red, green, green, green, green, green, green': {1: 0, 2: 2}, 'red, red': {1: 2, 2: 0}, 'red, red, red': {1: 1, 2: 0}}"
87,21,ward,"{'green': {1: 0, 2: 2}, 'green, green, green': {1: 0, 2: 2}, 'green, green, green, green': {1: 0, 2: 1}, 'green, green, green, green, green': {1: 0, 2: 1}, 'green, red, red, red, red': {1: 13, 2: 0}, 'red, green, green, green, green, green, green': {1: 0, 2: 2}, 'red, red': {1: 2, 2: 0}, 'red, red, red': {1: 1, 2: 0}}"
88,22,single,"{'green': {1: 3}, 'green, green': {1: 1}, 'green, green, green, green, green': {1: 3}, 'green, red, red, red, red': {1: 3}, 'green, red, red, red, red, red': {1: 1}, 'red': {1: 1}, 'red, green, green, green, green, green': {1: 5}, 'red, red': {1: 2}, 'red, red, red': {1: 2}, 'red, red, red, red': {1: 2}}"
89,22,complete,"{'green': {1: 3}, 'green, green': {1: 1}, 'green, green, green, green, green': {1: 3}, 'green, red, red, red, red': {1: 3}, 'green, red, red, red, red, red': {1: 1}, 'red': {1: 1}, 'red, green, green, green, green, green': {1: 5}, 'red, red': {1: 2}, 'red, red, red': {1: 2}, 'red, red, red, red': {1: 2}}"
90,22,average,"{'green': {1: 0, 2: 3}, 'green, green': {1: 0, 2: 1}, 'green, green, green, green, green': {1: 0, 2: 3}, 'green, red, red, red, red': {1: 3, 2: 0}, 'green, red, red, red, red, red': {1: 1, 2: 0}, 'red': {1: 1, 2: 0}, 'red, green, green, green, green, green': {1: 0, 2: 5}, 'red, red': {1: 2, 2: 0}, 'red, red, red': {1: 2, 2: 0}, 'red, red, red, red': {1: 2, 2: 0}}"
91,22,ward,"{'green': {1: 0, 2: 3}, 'green, green': {1: 0, 2: 1}, 'green, green, green, green, green': {1: 0, 2: 3}, 'green, red, red, red, red': {1: 3, 2: 0}, 'green, red, red, red, red, red': {1: 1, 2: 0}, 'red': {1: 1, 2: 0}, 'red, green, green, green, green, green': {1: 0, 2: 5}, 'red, red': {1: 2, 2: 0}, 'red, red, red': {1: 2, 2: 0}, 'red, red, red, red': {1: 2, 2: 0}}"
92,23,single,"{'green': {1: 4}, 'green, green, green': {1: 1}, 'green, green, green, green': {1: 2}, 'green, green, green, green, green, green': {1: 1}, 'green, red, red, red': {1: 1}, 'green, red, red, red, red': {1: 6}, 'red': {1: 4}, 'red, green, green, green, green, green': {1: 1}, 'red, red': {1: 2}, 'red, red, red': {1: 2}, 'red, red, red, red': {1: 1}}"
93,23,complete,"{'green': {1: 4}, 'green, green, green': {1: 1}, 'green, green, green, green': {1: 2}, 'green, green, green, green, green, green': {1: 1}, 'green, red, red, red': {1: 1}, 'green, red, red, red, red': {1: 6}, 'red': {1: 4}, 'red, green, green, green, green, green': {1: 1}, 'red, red': {1: 2}, 'red, red, red': {1: 2}, 'red, red, red, red': {1: 1}}"
94,23,average,"{'green': {1: 0, 2: 4}, 'green, green, green': {1: 0, 2: 1}, 'green, green, green, green': {1: 0, 2: 2}, 'green, green, green, green, green, green': {1: 0, 2: 1}, 'green, red, red, red': {1: 1, 2: 0}, 'green, red, red, red, red': {1: 6, 2: 0}, 'red': {1: 4, 2: 0}, 'red, green, green, green, green, green': {1: 0, 2: 1}, 'red, red': {1: 2, 2: 0}, 'red, red, red': {1: 2, 2: 0}, 'red, red, red, red': {1: 1, 2: 0}}"
95,23,ward,"{'green': {1: 4, 2: 0}, 'green, green, green': {1: 1, 2: 0}, 'green, green, green, green': {1: 2, 2: 0}, 'green, green, green, green, green, green': {1: 1, 2: 0}, 'green, red, red, red': {1: 0, 2: 1}, 'green, red, red, red, red': {1: 0, 2: 6}, 'red': {1: 1, 2: 3}, 'red, green, green, green, green, green': {1: 1, 2: 0}, 'red, red': {1: 0, 2: 2}, 'red, red, red': {1: 0, 2: 2}, 'red, red, red, red': {1: 0, 2: 1}}"
96,24,single,"{'green': {1: 4, 2: 1}, 'green, green, green': {1: 1, 2: 0}, 'green, green, green, green': {1: 1, 2: 0}, 'green, red, red, red, red, red': {1: 4, 2: 0}, 'red': {1: 3, 2: 0}, 'red, green, green, green, green, green': {1: 4, 2: 0}, 'red, red, red': {1: 4, 2: 0}, 'red, red, red, red': {1: 2, 2: 0}, 'red, red, red, red, red': {1: 1, 2: 0}}"
97,24,complete,"{'green': {1: 5}, 'green, green, green': {1: 1}, 'green, green, green, green': {1: 1}, 'green, red, red, red, red, red': {1: 4}, 'red': {1: 3}, 'red, green, green, green, green, green': {1: 4}, 'red, red, red': {1: 4}, 'red, red, red, red': {1: 2}, 'red, red, red, red, red': {1: 1}}"
98,24,average,"{'green': {1: 0, 2: 5}, 'green, green, green': {1: 0, 2: 1}, 'green, green, green, green': {1: 0, 2: 1}, 'green, red, red, red, red, red': {1: 4, 2: 0}, 'red': {1: 3, 2: 0}, 'red, green, green, green, green, green': {1: 0, 2: 4}, 'red, red, red': {1: 4, 2: 0}, 'red, red, red, red': {1: 2, 2: 0}, 'red, red, red, red, red': {1: 1, 2: 0}}"
99,24,ward,"{'green': {1: 0, 2: 5}, 'green, green, green': {1: 0, 2: 1}, 'green, green, green, green': {1: 0, 2: 1}, 'green, red, red, red, red, red': {1: 4, 2: 0}, 'red': {1: 3, 2: 0}, 'red, green, green, green, green, green': {1: 0, 2: 4}, 'red, red, red': {1: 4, 2: 0}, 'red, red, red, red': {1: 2, 2: 0}, 'red, red, red, red, red': {1: 1, 2: 0}}"
100,25,single,"{'green': {1: 4, 2: 0}, 'green, green, green': {1: 2, 2: 0}, 'green, green, green, green': {1: 1, 2: 0}, 'green, red, red, red, red, red': {1: 0, 2: 8}, 'red': {1: 0, 2: 2}, 'red, green, green, green, green': {1: 1, 2: 0}, 'red, green, green, green, green, green': {1: 3, 2: 0}, 'red, red': {1: 0, 2: 2}, 'red, red, red, red': {1: 0, 2: 1}, 'red, red, red, red, red': {1: 0, 2: 1}}"
101,25,complete,"{'green': {1: 4}, 'green, green, green': {1: 2}, 'green, green, green, green': {1: 1}, 'green, red, red, red, red, red': {1: 8}, 'red': {1: 2}, 'red, green, green, green, green': {1: 1}, 'red, green, green, green, green, green': {1: 3}, 'red, red': {1: 2}, 'red, red, red, red': {1: 1}, 'red, red, red, red, red': {1: 1}}"
102,25,average,"{'green': {1: 0, 2: 4}, 'green, green, green': {1: 0, 2: 2}, 'green, green, green, green': {1: 0, 2: 1}, 'green, red, red, red, red, red': {1: 8, 2: 0}, 'red': {1: 2, 2: 0}, 'red, green, green, green, green': {1: 0, 2: 1}, 'red, green, green, green, green, green': {1: 0, 2: 3}, 'red, red': {1: 2, 2: 0}, 'red, red, red, red': {1: 1, 2: 0}, 'red, red, red, red, red': {1: 1, 2: 0}}"
103,25,ward,"{'green': {1: 2, 2: 2}, 'green, green, green': {1: 2, 2: 0}, 'green, green, green, green': {1: 1, 2: 0}, 'green, red, red, red, red, red': {1: 0, 2: 8}, 'red': {1: 0, 2: 2}, 'red, green, green, green, green': {1: 1, 2: 0}, 'red, green, green, green, green, green': {1: 3, 2: 0}, 'red, red': {1: 0, 2: 2}, 'red, red, red, red': {1: 0, 2: 1}, 'red, red, red, red, red': {1: 0, 2: 1}}"
104,26,single,"{'green': {1: 1}, 'green, red, red, red, red, red, red, red, red': {1: 1}, 'red': {1: 4}, 'red, green, green': {1: 12}, 'red, red': {1: 2}, 'red, red, red': {1: 1}, 'red, red, red, red': {1: 6}, 'red, red, red, red, red': {1: 3}, 'red, red, red, red, red, red': {1: 2}, 'red, red, red, red, red, red, red': {1: 4}, 'red, red, red, red, red, red, red, red': {1: 1}}"
105,26,complete,"{'green': {1: 1}, 'green, red, red, red, red, red, red, red, red': {1: 1}, 'red': {1: 4}, 'red, green, green': {1: 12}, 'red, red': {1: 2}, 'red, red, red': {1: 1}, 'red, red, red, red': {1: 6}, 'red, red, red, red, red': {1: 3}, 'red, red, red, red, red, red': {1: 2}, 'red, red, red, red, red, red, red': {1: 4}, 'red, red, red, red, red, red, red, red': {1: 1}}"
106,26,average,"{'green': {1: 1, 2: 0}, 'green, red, red, red, red, red, red, red, red': {1: 1, 2: 0}, 'red': {1: 3, 2: 1}, 'red, green, green': {1: 12, 2: 0}, 'red, red': {1: 2, 2: 0}, 'red, red, red': {1: 1, 2: 0}, 'red, red, red, red': {1: 6, 2: 0}, 'red, red, red, red, red': {1: 3, 2: 0}, 'red, red, red, red, red, red': {1: 2, 2: 0}, 'red, red, red, red, red, red, red': {1: 4, 2: 0}, 'red, red, red, red, red, red, red, red': {1: 1, 2: 0}}"
107,26,ward,"{'green': {1: 1, 2: 0}, 'green, red, red, red, red, red, red, red, red': {1: 0, 2: 1}, 'red': {1: 0, 2: 4}, 'red, green, green': {1: 12, 2: 0}, 'red, red': {1: 0, 2: 2}, 'red, red, red': {1: 0, 2: 1}, 'red, red, red, red': {1: 0, 2: 6}, 'red, red, red, red, red': {1: 0, 2: 3}, 'red, red, red, red, red, red': {1: 0, 2: 2}, 'red, red, red, red, red, red, red': {1: 0, 2: 4}, 'red, red, red, red, red, red, red, red': {1: 0, 2: 1}}"
108,27,single,"{'green': {1: 0, 2: 6}, 'green, green': {1: 1, 2: 0}, 'green, green, green': {1: 1, 2: 0}, 'green, green, green, green': {1: 3, 2: 0}, 'green, green, green, green, green': {1: 2, 2: 0}, 'green, green, green, green, green, green': {1: 1, 2: 0}, 'green, green, green, green, green, green, green': {1: 3, 2: 0}, 'green, green, green, green, green, green, green, green': {1: 1, 2: 0}, 'green, red, red': {1: 0, 2: 14}}"
109,27,complete,"{'green': {1: 6}, 'green, green': {1: 1}, 'green, green, green': {1: 1}, 'green, green, green, green': {1: 3}, 'green, green, green, green, green': {1: 2}, 'green, green, green, green, green, green': {1: 1}, 'green, green, green, green, green, green, green': {1: 3}, 'green, green, green, green, green, green, green, green': {1: 1}, 'green, red, red': {1: 14}}"
110,27,average,"{'green': {1: 2, 2: 4}, 'green, green': {1: 0, 2: 1}, 'green, green, green': {1: 0, 2: 1}, 'green, green, green, green': {1: 0, 2: 3}, 'green, green, green, green, green': {1: 0, 2: 2}, 'green, green, green, green, green, green': {1: 0, 2: 1}, 'green, green, green, green, green, green, green': {1: 0, 2: 3}, 'green, green, green, green, green, green, green, green': {1: 0, 2: 1}, 'green, red, red': {1: 0, 2: 14}}"
111,27,ward,"{'green': {1: 0, 2: 6}, 'green, green': {1: 0, 2: 1}, 'green, green, green': {1: 0, 2: 1}, 'green, green, green, green': {1: 0, 2: 3}, 'green, green, green, green, green': {1: 0, 2: 2}, 'green, green, green, green, green, green': {1: 0, 2: 1}, 'green, green, green, green, green, green, green': {1: 0, 2: 3}, 'green, green, green, green, green, green, green, green': {1: 0, 2: 1}, 'green, red, red': {1: 14, 2: 0}}"
112,28,single,"{'green, red, red, red, red, red, red, red': {1: 1}, 'red': {1: 5}, 'red, green, green': {1: 17}, 'red, red': {1: 1}, 'red, red, red': {1: 1}, 'red, red, red, red': {1: 4}, 'red, red, red, red, red': {1: 1}, 'red, red, red, red, red, red, red': {1: 3}}"
113,28,complete,"{'green, red, red, red, red, red, red, red': {1: 1}, 'red': {1: 5}, 'red, green, green': {1: 17}, 'red, red': {1: 1}, 'red, red, red': {1: 1}, 'red, red, red, red': {1: 4}, 'red, red, red, red, red': {1: 1}, 'red, red, red, red, red, red, red': {1: 3}}"
114,28,average,"{'green, red, red, red, red, red, red, red': {1: 0, 2: 1}, 'red': {1: 2, 2: 3}, 'red, green, green': {1: 0, 2: 17}, 'red, red': {1: 0, 2: 1}, 'red, red, red': {1: 0, 2: 1}, 'red, red, red, red': {1: 0, 2: 4}, 'red, red, red, red, red': {1: 0, 2: 1}, 'red, red, red, red, red, red, red': {1: 0, 2: 3}}"
115,28,ward,"{'green, red, red, red, red, red, red, red': {1: 0, 2: 1}, 'red': {1: 0, 2: 5}, 'red, green, green': {1: 17, 2: 0}, 'red, red': {1: 0, 2: 1}, 'red, red, red': {1: 0, 2: 1}, 'red, red, red, red': {1: 0, 2: 4}, 'red, red, red, red, red': {1: 0, 2: 1}, 'red, red, red, red, red, red, red': {1: 0, 2: 3}}"
116,29,single,"{'green': {1: 3}, 'green, green, green': {1: 1}, 'green, red, red, red, red, red, red, red': {1: 1}, 'red': {1: 3}, 'red, green, green, green': {1: 8}, 'red, red': {1: 3}, 'red, red, red': {1: 2}, 'red, red, red, red': {1: 2}, 'red, red, red, red, red': {1: 3}, 'red, red, red, red, red, red': {1: 1}, 'red, red, red, red, red, red, red': {1: 2}}"
117,29,complete,"{'green': {1: 3}, 'green, green, green': {1: 1}, 'green, red, red, red, red, red, red, red': {1: 1}, 'red': {1: 3}, 'red, green, green, green': {1: 8}, 'red, red': {1: 3}, 'red, red, red': {1: 2}, 'red, red, red, red': {1: 2}, 'red, red, red, red, red': {1: 3}, 'red, red, red, red, red, red': {1: 1}, 'red, red, red, red, red, red, red': {1: 2}}"
118,29,average,"{'green': {1: 3, 2: 0}, 'green, green, green': {1: 1, 2: 0}, 'green, red, red, red, red, red, red, red': {1: 0, 2: 1}, 'red': {1: 0, 2: 3}, 'red, green, green, green': {1: 8, 2: 0}, 'red, red': {1: 0, 2: 3}, 'red, red, red': {1: 0, 2: 2}, 'red, red, red, red': {1: 0, 2: 2}, 'red, red, red, red, red': {1: 0, 2: 3}, 'red, red, red, red, red, red': {1: 0, 2: 1}, 'red, red, red, red, red, red, red': {1: 0, 2: 2}}"
119,29,ward,"{'green': {1: 3, 2: 0}, 'green, green, green': {1: 1, 2: 0}, 'green, red, red, red, red, red, red, red': {1: 0, 2: 1}, 'red': {1: 0, 2: 3}, 'red, green, green, green': {1: 8, 2: 0}, 'red, red': {1: 0, 2: 3}, 'red, red, red': {1: 0, 2: 2}, 'red, red, red, red': {1: 0, 2: 2}, 'red, red, red, red, red': {1: 0, 2: 3}, 'red, red, red, red, red, red': {1: 0, 2: 1}, 'red, red, red, red, red, red, red': {1: 0, 2: 2}}"
120,30,single,"{'green': {1: 2, 2: 1}, 'green, green': {1: 0, 2: 2}, 'green, green, green': {1: 0, 2: 2}, 'green, green, green, green': {1: 0, 2: 1}, 'green, green, green, green, green': {1: 0, 2: 2}, 'green, green, green, green, green, green': {1: 0, 2: 4}, 'green, red, red, red': {1: 0, 2: 1}, 'green, red, red, red, red': {1: 0, 2: 8}, 'red': {1: 0, 2: 3}, 'red, green, green, green, green, green, green': {1: 0, 2: 2}, 'red, red, red': {1: 0, 2: 2}, 'red, red, red, red': {1: 0, 2: 1}}"
121,30,complete,"{'green': {1: 3}, 'green, green': {1: 2}, 'green, green, green': {1: 2}, 'green, green, green, green': {1: 1}, 'green, green, green, green, green': {1: 2}, 'green, green, green, green, green, green': {1: 4}, 'green, red, red, red': {1: 1}, 'green, red, red, red, red': {1: 8}, 'red': {1: 3}, 'red, green, green, green, green, green, green': {1: 2}, 'red, red, red': {1: 2}, 'red, red, red, red': {1: 1}}"
122,30,average,"{'green': {1: 0, 2: 3}, 'green, green': {1: 0, 2: 2}, 'green, green, green': {1: 0, 2: 2}, 'green, green, green, green': {1: 0, 2: 1}, 'green, green, green, green, green': {1: 0, 2: 2}, 'green, green, green, green, green, green': {1: 0, 2: 4}, 'green, red, red, red': {1: 1, 2: 0}, 'green, red, red, red, red': {1: 8, 2: 0}, 'red': {1: 3, 2: 0}, 'red, green, green, green, green, green, green': {1: 0, 2: 2}, 'red, red, red': {1: 2, 2: 0}, 'red, red, red, red': {1: 1, 2: 0}}"
123,30,ward,"{'green': {1: 0, 2: 3}, 'green, green': {1: 0, 2: 2}, 'green, green, green': {1: 0, 2: 2}, 'green, green, green, green': {1: 0, 2: 1}, 'green, green, green, green, green': {1: 0, 2: 2}, 'green, green, green, green, green, green': {1: 0, 2: 4}, 'green, red, red, red': {1: 1, 2: 0}, 'green, red, red, red, red': {1: 8, 2: 0}, 'red': {1: 3, 2: 0}, 'red, green, green, green, green, green, green': {1: 0, 2: 2}, 'red, red, red': {1: 2, 2: 0}, 'red, red, red, red': {1: 1, 2: 0}}"
124,31,single,"{'green': {1: 1}, 'green, green, green': {1: 2}, 'green, red, red, red, red, red, red': {1: 3}, 'red': {1: 3}, 'red, green, green, green, green': {1: 8}, 'red, red': {1: 1}, 'red, red, red': {1: 1}, 'red, red, red, red, red': {1: 4}, 'red, red, red, red, red, red': {1: 3}}"
125,31,complete,"{'green': {1: 1}, 'green, green, green': {1: 2}, 'green, red, red, red, red, red, red': {1: 3}, 'red': {1: 3}, 'red, green, green, green, green': {1: 8}, 'red, red': {1: 1}, 'red, red, red': {1: 1}, 'red, red, red, red, red': {1: 4}, 'red, red, red, red, red, red': {1: 3}}"
126,31,average,"{'green': {1: 0, 2: 1}, 'green, green, green': {1: 0, 2: 2}, 'green, red, red, red, red, red, red': {1: 3, 2: 0}, 'red': {1: 3, 2: 0}, 'red, green, green, green, green': {1: 0, 2: 8}, 'red, red': {1: 1, 2: 0}, 'red, red, red': {1: 1, 2: 0}, 'red, red, red, red, red': {1: 4, 2: 0}, 'red, red, red, red, red, red': {1: 3, 2: 0}}"
127,31,ward,"{'green': {1: 1, 2: 0}, 'green, green, green': {1: 2, 2: 0}, 'green, red, red, red, red, red, red': {1: 0, 2: 3}, 'red': {1: 0, 2: 3}, 'red, green, green, green, green': {1: 8, 2: 0}, 'red, red': {1: 0, 2: 1}, 'red, red, red': {1: 0, 2: 1}, 'red, red, red, red, red': {1: 0, 2: 4}, 'red, red, red, red, red, red': {1: 0, 2: 3}}"
128,32,single,"{'green': {1: 3, 2: 0}, 'green, green': {1: 1, 2: 0}, 'green, green, green': {1: 2, 2: 0}, 'green, green, green, green': {1: 1, 2: 0}, 'green, green, green, green, green': {1: 2, 2: 0}, 'green, red, red, red, red, red': {1: 0, 2: 8}, 'red': {1: 0, 2: 1}, 'red, green, green, green, green, green': {1: 6, 2: 0}, 'red, red, red, red': {1: 0, 2: 2}, 'red, red, red, red, red': {1: 0, 2: 1}}"
129,32,complete,"{'green': {1: 3}, 'green, green': {1: 1}, 'green, green, green': {1: 2}, 'green, green, green, green': {1: 1}, 'green, green, green, green, green': {1: 2}, 'green, red, red, red, red, red': {1: 8}, 'red': {1: 1}, 'red, green, green, green, green, green': {1: 6}, 'red, red, red, red': {1: 2}, 'red, red, red, red, red': {1: 1}}"
130,32,average,"{'green': {1: 0, 2: 3}, 'green, green': {1: 0, 2: 1}, 'green, green, green': {1: 0, 2: 2}, 'green, green, green, green': {1: 0, 2: 1}, 'green, green, green, green, green': {1: 0, 2: 2}, 'green, red, red, red, red, red': {1: 8, 2: 0}, 'red': {1: 1, 2: 0}, 'red, green, green, green, green, green': {1: 0, 2: 6}, 'red, red, red, red': {1: 2, 2: 0}, 'red, red, red, red, red': {1: 1, 2: 0}}"
131,32,ward,"{'green': {1: 0, 2: 3}, 'green, green': {1: 0, 2: 1}, 'green, green, green': {1: 0, 2: 2}, 'green, green, green, green': {1: 0, 2: 1}, 'green, green, green, green, green': {1: 0, 2: 2}, 'green, red, red, red, red, red': {1: 8, 2: 0}, 'red': {1: 0, 2: 1}, 'red, green, green, green, green, green': {1: 0, 2: 6}, 'red, red, red, red': {1: 2, 2: 0}, 'red, red, red, red, red': {1: 1, 2: 0}}"
132,33,single,"{'green': {1: 1}, 'green, green': {1: 1}, 'green, green, green': {1: 6}, 'green, green, green, green': {1: 3}, 'green, green, green, green, green': {1: 1}, 'green, green, green, green, green, green, green': {1: 1}, 'green, green, green, green, green, green, green, green': {1: 5}, 'green, red, red': {1: 13}, 'red': {1: 2}, 'red, red': {1: 1}}"
133,33,complete,"{'green': {1: 1}, 'green, green': {1: 1}, 'green, green, green': {1: 6}, 'green, green, green, green': {1: 3}, 'green, green, green, green, green': {1: 1}, 'green, green, green, green, green, green, green': {1: 1}, 'green, green, green, green, green, green, green, green': {1: 5}, 'green, red, red': {1: 13}, 'red': {1: 2}, 'red, red': {1: 1}}"
134,33,average,"{'green': {1: 0, 2: 1}, 'green, green': {1: 0, 2: 1}, 'green, green, green': {1: 0, 2: 6}, 'green, green, green, green': {1: 0, 2: 3}, 'green, green, green, green, green': {1: 0, 2: 1}, 'green, green, green, green, green, green, green': {1: 0, 2: 1}, 'green, green, green, green, green, green, green, green': {1: 0, 2: 5}, 'green, red, red': {1: 13, 2: 0}, 'red': {1: 2, 2: 0}, 'red, red': {1: 1, 2: 0}}"
135,33,ward,"{'green': {1: 0, 2: 1}, 'green, green': {1: 0, 2: 1}, 'green, green, green': {1: 0, 2: 6}, 'green, green, green, green': {1: 0, 2: 3}, 'green, green, green, green, green': {1: 0, 2: 1}, 'green, green, green, green, green, green, green': {1: 0, 2: 1}, 'green, green, green, green, green, green, green, green': {1: 0, 2: 5}, 'green, red, red': {1: 13, 2: 0}, 'red': {1: 2, 2: 0}, 'red, red': {1: 1, 2: 0}}"
136,34,single,"{'green': {1: 2, 2: 0}, 'green, green': {1: 0, 2: 2}, 'green, green, green': {1: 0, 2: 1}, 'green, red, red, red, red, red': {1: 0, 2: 1}, 'red': {1: 0, 2: 3}, 'red, green, green, green, green, green': {1: 0, 2: 2}, 'red, red': {1: 0, 2: 1}, 'red, red, red': {1: 0, 2: 2}, 'red, red, red, red': {1: 0, 2: 3}, 'red, red, red, red, red': {1: 0, 2: 1}}"
137,34,complete,"{'green': {1: 2}, 'green, green': {1: 2}, 'green, green, green': {1: 1}, 'green, red, red, red, red, red': {1: 1}, 'red': {1: 3}, 'red, green, green, green, green, green': {1: 2}, 'red, red': {1: 1}, 'red, red, red': {1: 2}, 'red, red, red, red': {1: 3}, 'red, red, red, red, red': {1: 1}}"
138,34,average,"{'green': {1: 0, 2: 2}, 'green, green': {1: 0, 2: 2}, 'green, green, green': {1: 0, 2: 1}, 'green, red, red, red, red, red': {1: 1, 2: 0}, 'red': {1: 3, 2: 0}, 'red, green, green, green, green, green': {1: 0, 2: 2}, 'red, red': {1: 1, 2: 0}, 'red, red, red': {1: 2, 2: 0}, 'red, red, red, red': {1: 3, 2: 0}, 'red, red, red, red, red': {1: 1, 2: 0}}"
139,34,ward,"{'green': {1: 0, 2: 2}, 'green, green': {1: 0, 2: 2}, 'green, green, green': {1: 0, 2: 1}, 'green, red, red, red, red, red': {1: 1, 2: 0}, 'red': {1: 3, 2: 0}, 'red, green, green, green, green, green': {1: 0, 2: 2}, 'red, red': {1: 1, 2: 0}, 'red, red, red': {1: 2, 2: 0}, 'red, red, red, red': {1: 3, 2: 0}, 'red, red, red, red, red': {1: 1, 2: 0}}"
140,35,single,"{'green': {1: 0, 2: 1}, 'green, green, green': {1: 0, 2: 2}, 'green, green, green, green': {1: 0, 2: 2}, 'green, green, green, green, green, green': {1: 0, 2: 2}, 'green, red, red, red, red': {1: 6, 2: 0}, 'red': {1: 1, 2: 0}, 'red, green, green, green, green, green, green': {1: 0, 2: 1}, 'red, red': {1: 2, 2: 0}, 'red, red, red': {1: 1, 2: 0}}"
141,35,complete,"{'green': {1: 1}, 'green, green, green': {1: 2}, 'green, green, green, green': {1: 2}, 'green, green, green, green, green, green': {1: 2}, 'green, red, red, red, red': {1: 6}, 'red': {1: 1}, 'red, green, green, green, green, green, green': {1: 1}, 'red, red': {1: 2}, 'red, red, red': {1: 1}}"
142,35,average,"{'green': {1: 0, 2: 1}, 'green, green, green': {1: 0, 2: 2}, 'green, green, green, green': {1: 0, 2: 2}, 'green, green, green, green, green, green': {1: 0, 2: 2}, 'green, red, red, red, red': {1: 6, 2: 0}, 'red': {1: 1, 2: 0}, 'red, green, green, green, green, green, green': {1: 0, 2: 1}, 'red, red': {1: 2, 2: 0}, 'red, red, red': {1: 1, 2: 0}}"
143,35,ward,"{'green': {1: 1, 2: 0}, 'green, green, green': {1: 2, 2: 0}, 'green, green, green, green': {1: 2, 2: 0}, 'green, green, green, green, green, green': {1: 2, 2: 0}, 'green, red, red, red, red': {1: 0, 2: 6}, 'red': {1: 0, 2: 1}, 'red, green, green, green, green, green, green': {1: 1, 2: 0}, 'red, red': {1: 0, 2: 2}, 'red, red, red': {1: 0, 2: 1}}"
144,36,single,"{'green': {1: 3, 2: 0}, 'green, green': {1: 4, 2: 0}, 'green, green, green': {1: 2, 2: 0}, 'green, green, green, green': {1: 3, 2: 0}, 'green, red, red, red, red, red': {1: 0, 2: 5}, 'red': {1: 0, 2: 5}, 'red, green, green, green, green': {1: 1, 2: 0}, 'red, green, green, green, green, green': {1: 2, 2: 0}, 'red, red': {1: 0, 2: 1}, 'red, red, red, red': {1: 0, 2: 1}, 'red, red, red, red, red': {1: 0, 2: 2}}"
145,36,complete,"{'green': {1: 3}, 'green, green': {1: 4}, 'green, green, green': {1: 2}, 'green, green, green, green': {1: 3}, 'green, red, red, red, red, red': {1: 5}, 'red': {1: 5}, 'red, green, green, green, green': {1: 1}, 'red, green, green, green, green, green': {1: 2}, 'red, red': {1: 1}, 'red, red, red, red': {1: 1}, 'red, red, red, red, red': {1: 2}}"
146,36,average,"{'green': {1: 3, 2: 0}, 'green, green': {1: 4, 2: 0}, 'green, green, green': {1: 2, 2: 0}, 'green, green, green, green': {1: 3, 2: 0}, 'green, red, red, red, red, red': {1: 0, 2: 5}, 'red': {1: 0, 2: 5}, 'red, green, green, green, green': {1: 1, 2: 0}, 'red, green, green, green, green, green': {1: 2, 2: 0}, 'red, red': {1: 0, 2: 1}, 'red, red, red, red': {1: 0, 2: 1}, 'red, red, red, red, red': {1: 0, 2: 2}}"
147,36,ward,"{'green': {1: 3, 2: 0}, 'green, green': {1: 4, 2: 0}, 'green, green, green': {1: 2, 2: 0}, 'green, green, green, green': {1: 3, 2: 0}, 'green, red, red, red, red, red': {1: 0, 2: 5}, 'red': {1: 0, 2: 5}, 'red, green, green, green, green': {1: 1, 2: 0}, 'red, green, green, green, green, green': {1: 2, 2: 0}, 'red, red': {1: 0, 2: 1}, 'red, red, red, red': {1: 0, 2: 1}, 'red, red, red, red, red': {1: 0, 2: 2}}"
148,37,single,"{'green': {1: 1, 2: 0}, 'green, green, green': {1: 3, 2: 0}, 'green, green, green, green, green, green': {1: 1, 2: 0}, 'green, red, red, red': {1: 0, 2: 3}, 'green, red, red, red, red': {1: 0, 2: 5}, 'red': {1: 0, 2: 2}, 'red, green, green, green, green, green, green': {1: 4, 2: 0}, 'red, red, red, red': {1: 0, 2: 1}}"
149,37,complete,"{'green': {1: 1}, 'green, green, green': {1: 3}, 'green, green, green, green, green, green': {1: 1}, 'green, red, red, red': {1: 3}, 'green, red, red, red, red': {1: 5}, 'red': {1: 2}, 'red, green, green, green, green, green, green': {1: 4}, 'red, red, red, red': {1: 1}}"
150,37,average,"{'green': {1: 1, 2: 0}, 'green, green, green': {1: 3, 2: 0}, 'green, green, green, green, green, green': {1: 1, 2: 0}, 'green, red, red, red': {1: 0, 2: 3}, 'green, red, red, red, red': {1: 0, 2: 5}, 'red': {1: 0, 2: 2}, 'red, green, green, green, green, green, green': {1: 4, 2: 0}, 'red, red, red, red': {1: 0, 2: 1}}"
151,37,ward,"{'green': {1: 1, 2: 0}, 'green, green, green': {1: 3, 2: 0}, 'green, green, green, green, green, green': {1: 1, 2: 0}, 'green, red, red, red': {1: 0, 2: 3}, 'green, red, red, red, red': {1: 0, 2: 5}, 'red': {1: 0, 2: 2}, 'red, green, green, green, green, green, green': {1: 4, 2: 0}, 'red, red, red, red': {1: 0, 2: 1}}"
152,38,single,"{'green': {1: 0, 2: 3}, 'green, green': {1: 0, 2: 2}, 'green, green, green': {1: 0, 2: 1}, 'green, green, green, green': {1: 0, 2: 1}, 'green, green, green, green, green': {1: 0, 2: 2}, 'green, green, green, green, green, green': {1: 0, 2: 2}, 'green, red, red, red': {1: 9, 2: 0}, 'red, green, green, green, green, green, green, green': {1: 0, 2: 1}, 'red, red': {1: 1, 2: 0}, 'red, red, red': {1: 1, 2: 0}}"
153,38,complete,"{'green': {1: 3}, 'green, green': {1: 2}, 'green, green, green': {1: 1}, 'green, green, green, green': {1: 1}, 'green, green, green, green, green': {1: 2}, 'green, green, green, green, green, green': {1: 2}, 'green, red, red, red': {1: 9}, 'red, green, green, green, green, green, green, green': {1: 1}, 'red, red': {1: 1}, 'red, red, red': {1: 1}}"
154,38,average,"{'green': {1: 0, 2: 3}, 'green, green': {1: 0, 2: 2}, 'green, green, green': {1: 0, 2: 1}, 'green, green, green, green': {1: 0, 2: 1}, 'green, green, green, green, green': {1: 0, 2: 2}, 'green, green, green, green, green, green': {1: 0, 2: 2}, 'green, red, red, red': {1: 9, 2: 0}, 'red, green, green, green, green, green, green, green': {1: 0, 2: 1}, 'red, red': {1: 1, 2: 0}, 'red, red, red': {1: 1, 2: 0}}"
155,38,ward,"{'green': {1: 0, 2: 3}, 'green, green': {1: 0, 2: 2}, 'green, green, green': {1: 0, 2: 1}, 'green, green, green, green': {1: 0, 2: 1}, 'green, green, green, green, green': {1: 0, 2: 2}, 'green, green, green, green, green, green': {1: 0, 2: 2}, 'green, red, red, red': {1: 9, 2: 0}, 'red, green, green, green, green, green, green, green': {1: 0, 2: 1}, 'red, red': {1: 1, 2: 0}, 'red, red, red': {1: 1, 2: 0}}"
156,39,single,"{'green': {1: 0, 2: 4}, 'green, green': {1: 0, 2: 2}, 'green, green, green': {1: 0, 2: 3}, 'green, green, green, green': {1: 0, 2: 3}, 'green, red, red, red, red': {1: 1, 2: 0}, 'green, red, red, red, red, red': {1: 5, 2: 0}, 'red': {1: 2, 2: 0}, 'red, green, green, green, green, green': {1: 0, 2: 2}, 'red, red': {1: 2, 2: 0}, 'red, red, red': {1: 1, 2: 0}, 'red, red, red, red': {1: 2, 2: 0}, 'red, red, red, red, red': {1: 1, 2: 0}}"
157,39,complete,"{'green': {1: 4}, 'green, green': {1: 2}, 'green, green, green': {1: 3}, 'green, green, green, green': {1: 3}, 'green, red, red, red, red': {1: 1}, 'green, red, red, red, red, red': {1: 5}, 'red': {1: 2}, 'red, green, green, green, green, green': {1: 2}, 'red, red': {1: 2}, 'red, red, red': {1: 1}, 'red, red, red, red': {1: 2}, 'red, red, red, red, red': {1: 1}}"
158,39,average,"{'green': {1: 0, 2: 4}, 'green, green': {1: 0, 2: 2}, 'green, green, green': {1: 0, 2: 3}, 'green, green, green, green': {1: 0, 2: 3}, 'green, red, red, red, red': {1: 1, 2: 0}, 'green, red, red, red, red, red': {1: 5, 2: 0}, 'red': {1: 2, 2: 0}, 'red, green, green, green, green, green': {1: 0, 2: 2}, 'red, red': {1: 2, 2: 0}, 'red, red, red': {1: 1, 2: 0}, 'red, red, red, red': {1: 2, 2: 0}, 'red, red, red, red, red': {1: 1, 2: 0}}"
159,39,ward,"{'green': {1: 1, 2: 3}, 'green, green': {1: 0, 2: 2}, 'green, green, green': {1: 0, 2: 3}, 'green, green, green, green': {1: 0, 2: 3}, 'green, red, red, red, red': {1: 1, 2: 0}, 'green, red, red, red, red, red': {1: 5, 2: 0}, 'red': {1: 2, 2: 0}, 'red, green, green, green, green, green': {1: 0, 2: 2}, 'red, red': {1: 2, 2: 0}, 'red, red, red': {1: 1, 2: 0}, 'red, red, red, red': {1: 2, 2: 0}, 'red, red, red, red, red': {1: 1, 2: 0}}"
160,40,single,"{'green': {1: 0, 2: 3}, 'green, green': {1: 0, 2: 1}, 'green, green, green': {1: 0, 2: 2}, 'green, green, green, green': {1: 0, 2: 2}, 'green, green, green, green, green': {1: 0, 2: 1}, 'green, green, green, green, green, green': {1: 0, 2: 1}, 'green, red, red, red': {1: 12, 2: 0}, 'red': {1: 2, 2: 0}, 'red, green, green, green, green, green, green, green': {1: 0, 2: 3}, 'red, red': {1: 1, 2: 0}, 'red, red, red': {1: 2, 2: 0}}"
161,40,complete,"{'green': {1: 3}, 'green, green': {1: 1}, 'green, green, green': {1: 2}, 'green, green, green, green': {1: 2}, 'green, green, green, green, green': {1: 1}, 'green, green, green, green, green, green': {1: 1}, 'green, red, red, red': {1: 12}, 'red': {1: 2}, 'red, green, green, green, green, green, green, green': {1: 3}, 'red, red': {1: 1}, 'red, red, red': {1: 2}}"
162,40,average,"{'green': {1: 0, 2: 3}, 'green, green': {1: 0, 2: 1}, 'green, green, green': {1: 0, 2: 2}, 'green, green, green, green': {1: 0, 2: 2}, 'green, green, green, green, green': {1: 0, 2: 1}, 'green, green, green, green, green, green': {1: 0, 2: 1}, 'green, red, red, red': {1: 12, 2: 0}, 'red': {1: 2, 2: 0}, 'red, green, green, green, green, green, green, green': {1: 0, 2: 3}, 'red, red': {1: 1, 2: 0}, 'red, red, red': {1: 2, 2: 0}}"
163,40,ward,"{'green': {1: 0, 2: 3}, 'green, green': {1: 0, 2: 1}, 'green, green, green': {1: 0, 2: 2}, 'green, green, green, green': {1: 0, 2: 2}, 'green, green, green, green, green': {1: 0, 2: 1}, 'green, green, green, green, green, green': {1: 0, 2: 1}, 'green, red, red, red': {1: 12, 2: 0}, 'red': {1: 2, 2: 0}, 'red, green, green, green, green, green, green, green': {1: 0, 2: 3}, 'red, red': {1: 1, 2: 0}, 'red, red, red': {1: 2, 2: 0}}"
164,41,single,"{'green': {1: 2, 2: 0}, 'green, green': {1: 2, 2: 0}, 'green, green, green': {1: 2, 2: 0}, 'green, green, green, green, green': {1: 3, 2: 0}, 'green, green, green, green, green, green': {1: 1, 2: 0}, 'green, red, red, red, red': {1: 0, 2: 6}, 'red': {1: 0, 2: 3}, 'red, green, green, green, green, green': {1: 1, 2: 0}, 'red, green, green, green, green, green, green': {1: 1, 2: 0}, 'red, red': {1: 0, 2: 1}, 'red, red, red': {1: 0, 2: 2}, 'red, red, red, red': {1: 0, 2: 1}}"
165,41,complete,"{'green': {1: 2}, 'green, green': {1: 2}, 'green, green, green': {1: 2}, 'green, green, green, green, green': {1: 3}, 'green, green, green, green, green, green': {1: 1}, 'green, red, red, red, red': {1: 6}, 'red': {1: 3}, 'red, green, green, green, green, green': {1: 1}, 'red, green, green, green, green, green, green': {1: 1}, 'red, red': {1: 1}, 'red, red, red': {1: 2}, 'red, red, red, red': {1: 1}}"
166,41,average,"{'green': {1: 2, 2: 0}, 'green, green': {1: 2, 2: 0}, 'green, green, green': {1: 2, 2: 0}, 'green, green, green, green, green': {1: 3, 2: 0}, 'green, green, green, green, green, green': {1: 1, 2: 0}, 'green, red, red, red, red': {1: 0, 2: 6}, 'red': {1: 0, 2: 3}, 'red, green, green, green, green, green': {1: 1, 2: 0}, 'red, green, green, green, green, green, green': {1: 1, 2: 0}, 'red, red': {1: 0, 2: 1}, 'red, red, red': {1: 0, 2: 2}, 'red, red, red, red': {1: 0, 2: 1}}"
167,41,ward,"{'green': {1: 0, 2: 2}, 'green, green': {1: 0, 2: 2}, 'green, green, green': {1: 0, 2: 2}, 'green, green, green, green, green': {1: 0, 2: 3}, 'green, green, green, green, green, green': {1: 0, 2: 1}, 'green, red, red, red, red': {1: 6, 2: 0}, 'red': {1: 3, 2: 0}, 'red, green, green, green, green, green': {1: 0, 2: 1}, 'red, green, green, green, green, green, green': {1: 0, 2: 1}, 'red, red': {1: 1, 2: 0}, 'red, red, red': {1: 2, 2: 0}, 'red, red, red, red': {1: 1, 2: 0}}"
168,42,single,"{'green': {1: 0, 2: 1}, 'green, green, green': {1: 0, 2: 1}, 'green, green, green, green': {1: 0, 2: 1}, 'green, red, red, red, red, red, red': {1: 4, 2: 0}, 'red': {1: 3, 2: 0}, 'red, green, green, green, green': {1: 0, 2: 5}, 'red, red': {1: 3, 2: 0}, 'red, red, red': {1: 2, 2: 0}, 'red, red, red, red': {1: 1, 2: 0}, 'red, red, red, red, red, red': {1: 1, 2: 0}}"
169,42,complete,"{'green': {1: 1}, 'green, green, green': {1: 1}, 'green, green, green, green': {1: 1}, 'green, red, red, red, red, red, red': {1: 4}, 'red': {1: 3}, 'red, green, green, green, green': {1: 5}, 'red, red': {1: 3}, 'red, red, red': {1: 2}, 'red, red, red, red': {1: 1}, 'red, red, red, red, red, red': {1: 1}}"
170,42,average,"{'green': {1: 1, 2: 0}, 'green, green, green': {1: 1, 2: 0}, 'green, green, green, green': {1: 1, 2: 0}, 'green, red, red, red, red, red, red': {1: 0, 2: 4}, 'red': {1: 0, 2: 3}, 'red, green, green, green, green': {1: 5, 2: 0}, 'red, red': {1: 0, 2: 3}, 'red, red, red': {1: 0, 2: 2}, 'red, red, red, red': {1: 0, 2: 1}, 'red, red, red, red, red, red': {1: 0, 2: 1}}"
171,42,ward,"{'green': {1: 1, 2: 0}, 'green, green, green': {1: 1, 2: 0}, 'green, green, green, green': {1: 1, 2: 0}, 'green, red, red, red, red, red, red': {1: 0, 2: 4}, 'red': {1: 0, 2: 3}, 'red, green, green, green, green': {1: 5, 2: 0}, 'red, red': {1: 0, 2: 3}, 'red, red, red': {1: 0, 2: 2}, 'red, red, red, red': {1: 0, 2: 1}, 'red, red, red, red, red, red': {1: 0, 2: 1}}"
172,43,single,"{'green': {1: 2, 2: 0}, 'green, green': {1: 2, 2: 0}, 'green, green, green': {1: 5, 2: 0}, 'green, green, green, green': {1: 2, 2: 0}, 'green, green, green, green, green, green': {1: 1, 2: 0}, 'green, red, red, red, red': {1: 0, 2: 4}, 'red': {1: 0, 2: 2}, 'red, red': {1: 0, 2: 1}, 'red, red, red': {1: 0, 2: 2}}"
173,43,complete,"{'green': {1: 2}, 'green, green': {1: 2}, 'green, green, green': {1: 5}, 'green, green, green, green': {1: 2}, 'green, green, green, green, green, green': {1: 1}, 'green, red, red, red, red': {1: 4}, 'red': {1: 2}, 'red, red': {1: 1}, 'red, red, red': {1: 2}}"
174,43,average,"{'green': {1: 2, 2: 0}, 'green, green': {1: 2, 2: 0}, 'green, green, green': {1: 5, 2: 0}, 'green, green, green, green': {1: 2, 2: 0}, 'green, green, green, green, green, green': {1: 1, 2: 0}, 'green, red, red, red, red': {1: 0, 2: 4}, 'red': {1: 0, 2: 2}, 'red, red': {1: 0, 2: 1}, 'red, red, red': {1: 0, 2: 2}}"
175,43,ward,"{'green': {1: 0, 2: 2}, 'green, green': {1: 0, 2: 2}, 'green, green, green': {1: 0, 2: 5}, 'green, green, green, green': {1: 0, 2: 2}, 'green, green, green, green, green, green': {1: 0, 2: 1}, 'green, red, red, red, red': {1: 4, 2: 0}, 'red': {1: 2, 2: 0}, 'red, red': {1: 1, 2: 0}, 'red, red, red': {1: 2, 2: 0}}"
176,44,single,"{'green': {1: 0, 2: 4}, 'green, green': {1: 0, 2: 1}, 'green, green, green': {1: 0, 2: 2}, 'green, green, green, green': {1: 0, 2: 2}, 'green, red, red, red, red, red': {1: 3, 2: 0}, 'red': {1: 1, 2: 0}, 'red, green, green, green, green': {1: 0, 2: 1}, 'red, green, green, green, green, green': {1: 0, 2: 4}, 'red, red': {1: 2, 2: 0}, 'red, red, red, red': {1: 3, 2: 0}, 'red, red, red, red, red': {1: 1, 2: 0}}"
177,44,complete,"{'green': {1: 4}, 'green, green': {1: 1}, 'green, green, green': {1: 2}, 'green, green, green, green': {1: 2}, 'green, red, red, red, red, red': {1: 3}, 'red': {1: 1}, 'red, green, green, green, green': {1: 1}, 'red, green, green, green, green, green': {1: 4}, 'red, red': {1: 2}, 'red, red, red, red': {1: 3}, 'red, red, red, red, red': {1: 1}}"
178,44,average,"{'green': {1: 0, 2: 4}, 'green, green': {1: 0, 2: 1}, 'green, green, green': {1: 0, 2: 2}, 'green, green, green, green': {1: 0, 2: 2}, 'green, red, red, red, red, red': {1: 3, 2: 0}, 'red': {1: 1, 2: 0}, 'red, green, green, green, green': {1: 0, 2: 1}, 'red, green, green, green, green, green': {1: 0, 2: 4}, 'red, red': {1: 2, 2: 0}, 'red, red, red, red': {1: 3, 2: 0}, 'red, red, red, red, red': {1: 1, 2: 0}}"
179,44,ward,"{'green': {1: 0, 2: 4}, 'green, green': {1: 0, 2: 1}, 'green, green, green': {1: 0, 2: 2}, 'green, green, green, green': {1: 0, 2: 2}, 'green, red, red, red, red, red': {1: 3, 2: 0}, 'red': {1: 1, 2: 0}, 'red, green, green, green, green': {1: 0, 2: 1}, 'red, green, green, green, green, green': {1: 0, 2: 4}, 'red, red': {1: 2, 2: 0}, 'red, red, red, red': {1: 3, 2: 0}, 'red, red, red, red, red': {1: 1, 2: 0}}"
180,45,single,"{'green': {1: 2, 2: 1}, 'green, green, green': {1: 1, 2: 0}, 'green, green, green, green, green': {1: 2, 2: 0}, 'green, red, red, red, red, red': {1: 4, 2: 0}, 'red': {1: 4, 2: 0}, 'red, green, green, green, green': {1: 1, 2: 0}, 'red, green, green, green, green, green': {1: 5, 2: 0}, 'red, red': {1: 5, 2: 0}, 'red, red, red': {1: 1, 2: 0}, 'red, red, red, red': {1: 1, 2: 0}, 'red, red, red, red, red': {1: 1, 2: 0}}"
181,45,complete,"{'green': {1: 3}, 'green, green, green': {1: 1}, 'green, green, green, green, green': {1: 2}, 'green, red, red, red, red, red': {1: 4}, 'red': {1: 4}, 'red, green, green, green, green': {1: 1}, 'red, green, green, green, green, green': {1: 5}, 'red, red': {1: 5}, 'red, red, red': {1: 1}, 'red, red, red, red': {1: 1}, 'red, red, red, red, red': {1: 1}}"
182,45,average,"{'green': {1: 3, 2: 0}, 'green, green, green': {1: 1, 2: 0}, 'green, green, green, green, green': {1: 2, 2: 0}, 'green, red, red, red, red, red': {1: 0, 2: 4}, 'red': {1: 0, 2: 4}, 'red, green, green, green, green': {1: 1, 2: 0}, 'red, green, green, green, green, green': {1: 5, 2: 0}, 'red, red': {1: 0, 2: 5}, 'red, red, red': {1: 0, 2: 1}, 'red, red, red, red': {1: 0, 2: 1}, 'red, red, red, red, red': {1: 0, 2: 1}}"
183,45,ward,"{'green': {1: 0, 2: 3}, 'green, green, green': {1: 1, 2: 0}, 'green, green, green, green, green': {1: 2, 2: 0}, 'green, red, red, red, red, red': {1: 0, 2: 4}, 'red': {1: 0, 2: 4}, 'red, green, green, green, green': {1: 1, 2: 0}, 'red, green, green, green, green, green': {1: 5, 2: 0}, 'red, red': {1: 0, 2: 5}, 'red, red, red': {1: 0, 2: 1}, 'red, red, red, red': {1: 0, 2: 1}, 'red, red, red, red, red': {1: 0, 2: 1}}"
184,46,single,"{'green': {1: 0, 2: 1}, 'green, green, green': {1: 0, 2: 2}, 'green, green, green, green': {1: 0, 2: 3}, 'red': {1: 2, 2: 0}, 'red, green, green, green, green': {1: 0, 2: 1}, 'red, green, green, green, green, green': {1: 0, 2: 2}, 'red, red, red': {1: 2, 2: 0}, 'red, red, red, red': {1: 2, 2: 0}, 'red, red, red, red, red': {1: 1, 2: 0}}"
185,46,complete,"{'green': {1: 1}, 'green, green, green': {1: 2}, 'green, green, green, green': {1: 3}, 'red': {1: 2}, 'red, green, green, green, green': {1: 1}, 'red, green, green, green, green, green': {1: 2}, 'red, red, red': {1: 2}, 'red, red, red, red': {1: 2}, 'red, red, red, red, red': {1: 1}}"
186,46,average,"{'green': {1: 0, 2: 1}, 'green, green, green': {1: 0, 2: 2}, 'green, green, green, green': {1: 0, 2: 3}, 'red': {1: 2, 2: 0}, 'red, green, green, green, green': {1: 0, 2: 1}, 'red, green, green, green, green, green': {1: 0, 2: 2}, 'red, red, red': {1: 2, 2: 0}, 'red, red, red, red': {1: 2, 2: 0}, 'red, red, red, red, red': {1: 1, 2: 0}}"
187,46,ward,"{'green': {1: 1, 2: 0}, 'green, green, green': {1: 2, 2: 0}, 'green, green, green, green': {1: 3, 2: 0}, 'red': {1: 0, 2: 2}, 'red, green, green, green, green': {1: 1, 2: 0}, 'red, green, green, green, green, green': {1: 2, 2: 0}, 'red, red, red': {1: 0, 2: 2}, 'red, red, red, red': {1: 0, 2: 2}, 'red, red, red, red, red': {1: 0, 2: 1}}"
188,47,single,"{'green': {1: 5, 2: 1}, 'green, green': {1: 4, 2: 0}, 'green, green, green': {1: 1, 2: 0}, 'green, green, green, green, green': {1: 1, 2: 0}, 'green, green, green, green, green, green': {1: 1, 2: 0}, 'green, green, green, green, green, green, green': {1: 3, 2: 0}, 'green, green, green, green, green, green, green, green': {1: 2, 2: 0}, 'green, red, red': {1: 12, 2: 0}, 'red': {1: 1, 2: 0}, 'red, green, green, green, green, green, green, green, green': {1: 2, 2: 0}, 'red, red': {1: 1, 2: 0}}"
189,47,complete,"{'green': {1: 6}, 'green, green': {1: 4}, 'green, green, green': {1: 1}, 'green, green, green, green, green': {1: 1}, 'green, green, green, green, green, green': {1: 1}, 'green, green, green, green, green, green, green': {1: 3}, 'green, green, green, green, green, green, green, green': {1: 2}, 'green, red, red': {1: 12}, 'red': {1: 1}, 'red, green, green, green, green, green, green, green, green': {1: 2}, 'red, red': {1: 1}}"
190,47,average,"{'green': {1: 5, 2: 1}, 'green, green': {1: 4, 2: 0}, 'green, green, green': {1: 1, 2: 0}, 'green, green, green, green, green': {1: 1, 2: 0}, 'green, green, green, green, green, green': {1: 1, 2: 0}, 'green, green, green, green, green, green, green': {1: 3, 2: 0}, 'green, green, green, green, green, green, green, green': {1: 2, 2: 0}, 'green, red, red': {1: 12, 2: 0}, 'red': {1: 1, 2: 0}, 'red, green, green, green, green, green, green, green, green': {1: 2, 2: 0}, 'red, red': {1: 1, 2: 0}}"
191,47,ward,"{'green': {1: 0, 2: 6}, 'green, green': {1: 0, 2: 4}, 'green, green, green': {1: 0, 2: 1}, 'green, green, green, green, green': {1: 0, 2: 1}, 'green, green, green, green, green, green': {1: 0, 2: 1}, 'green, green, green, green, green, green, green': {1: 0, 2: 3}, 'green, green, green, green, green, green, green, green': {1: 0, 2: 2}, 'green, red, red': {1: 12, 2: 0}, 'red': {1: 1, 2: 0}, 'red, green, green, green, green, green, green, green, green': {1: 0, 2: 2}, 'red, red': {1: 1, 2: 0}}"
192,48,single,"{'green': {1: 2}, 'green, red, red, red, red, red, red': {1: 3}, 'red': {1: 4}, 'red, green, green, green, green': {1: 5}, 'red, red': {1: 1}, 'red, red, red': {1: 1}, 'red, red, red, red': {1: 2}, 'red, red, red, red, red': {1: 2}, 'red, red, red, red, red, red': {1: 3}}"
193,48,complete,"{'green': {1: 2}, 'green, red, red, red, red, red, red': {1: 3}, 'red': {1: 4}, 'red, green, green, green, green': {1: 5}, 'red, red': {1: 1}, 'red, red, red': {1: 1}, 'red, red, red, red': {1: 2}, 'red, red, red, red, red': {1: 2}, 'red, red, red, red, red, red': {1: 3}}"
194,48,average,"{'green': {1: 2, 2: 0}, 'green, red, red, red, red, red, red': {1: 0, 2: 3}, 'red': {1: 0, 2: 4}, 'red, green, green, green, green': {1: 5, 2: 0}, 'red, red': {1: 0, 2: 1}, 'red, red, red': {1: 0, 2: 1}, 'red, red, red, red': {1: 0, 2: 2}, 'red, red, red, red, red': {1: 0, 2: 2}, 'red, red, red, red, red, red': {1: 0, 2: 3}}"
195,48,ward,"{'green': {1: 0, 2: 2}, 'green, red, red, red, red, red, red': {1: 3, 2: 0}, 'red': {1: 0, 2: 4}, 'red, green, green, green, green': {1: 0, 2: 5}, 'red, red': {1: 1, 2: 0}, 'red, red, red': {1: 1, 2: 0}, 'red, red, red, red': {1: 2, 2: 0}, 'red, red, red, red, red': {1: 2, 2: 0}, 'red, red, red, red, red, red': {1: 3, 2: 0}}"
196,49,single,"{'green': {1: 3}, 'green, red, red, red, red, red, red, red': {1: 2}, 'red': {1: 1}, 'red, green, green': {1: 4}, 'red, green, green, green': {1: 6}, 'red, red': {1: 2}, 'red, red, red': {1: 3}, 'red, red, red, red': {1: 1}, 'red, red, red, red, red': {1: 2}, 'red, red, red, red, red, red': {1: 2}, 'red, red, red, red, red, red, red': {1: 2}}"
197,49,complete,"{'green': {1: 3}, 'green, red, red, red, red, red, red, red': {1: 2}, 'red': {1: 1}, 'red, green, green': {1: 4}, 'red, green, green, green': {1: 6}, 'red, red': {1: 2}, 'red, red, red': {1: 3}, 'red, red, red, red': {1: 1}, 'red, red, red, red, red': {1: 2}, 'red, red, red, red, red, red': {1: 2}, 'red, red, red, red, red, red, red': {1: 2}}"
198,49,average,"{'green': {1: 0, 2: 3}, 'green, red, red, red, red, red, red, red': {1: 2, 2: 0}, 'red': {1: 1, 2: 0}, 'red, green, green': {1: 0, 2: 4}, 'red, green, green, green': {1: 0, 2: 6}, 'red, red': {1: 2, 2: 0}, 'red, red, red': {1: 3, 2: 0}, 'red, red, red, red': {1: 1, 2: 0}, 'red, red, red, red, red': {1: 2, 2: 0}, 'red, red, red, red, red, red': {1: 2, 2: 0}, 'red, red, red, red, red, red, red': {1: 2, 2: 0}}"
199,49,ward,"{'green': {1: 3, 2: 0}, 'green, red, red, red, red, red, red, red': {1: 0, 2: 2}, 'red': {1: 0, 2: 1}, 'red, green, green': {1: 4, 2: 0}, 'red, green, green, green': {1: 6, 2: 0}, 'red, red': {1: 0, 2: 2}, 'red, red, red': {1: 0, 2: 3}, 'red, red, red, red': {1: 0, 2: 1}, 'red, red, red, red, red': {1: 0, 2: 2}, 'red, red, red, red, red, red': {1: 0, 2: 2}, 'red, red, red, red, red, red, red': {1: 0, 2: 2}}"
